kappa,frequency_real_hz,frequency_imag_hz,Q,pressure_overlap,local_mode_index,Omega,Omega_Rayleigh,delta_Omega
0.0400547548897347,178102.842995213,3.09346806463178,28786.9212279087,0.999997492577947,6,0.881015396682985,0.959945245110265,-0.0789298484272806
0.0420547548897347,178110.543646548,3.3620073535741,26488.7201179381,0.999997444321414,6,0.88105348923826,0.957945245110265,-0.0768917558720056
0.0440547548897347,178118.47126299,3.63411969126168,24506.4123357411,0.999997390390102,6,0.881092704514257,0.955945245110265,-0.0748525405960087
0.0460547548897347,178126.602836471,3.90846393804263,22787.290053094,0.999997330142281,6,0.881132928697741,0.953945245110265,-0.0728123164125243
0.0480547548897347,178134.913778078,4.18364067503721,21289.4614541071,0.999997262855145,6,0.881174040155559,0.951945245110265,-0.0707712049547058
0.0500547548897347,178143.377817127,4.45819290111206,19979.3259027319,0.999997187712632,6,0.88121590893539,0.949945245110265,-0.0687293361748754
0.0520547548897347,178151.966888772,4.73060658814152,18829.7170319929,0.999997103790724,6,0.881258396209793,0.947945245110265,-0.0666868489004721
0.0540547548897347,178160.651008459,4.99931124487924,17818.5196201724,0.999997010040172,6,0.881301353655175,0.945945245110265,-0.0646438914550903
0.0560547548897347,178169.398125182,5.26268188861799,16927.6237758664,0.999996905265645,6,0.881344622725902,0.943945245110265,-0.062600622384363
0.0580547548897347,178178.17395298,5.51903921795977,16142.1369659017,0.999996788100271,6,0.88138803382074,0.941945245110265,-0.0605572112895252
0.0600547548897347,178186.941789258,5.7666506153551,15449.777841126,0.999996656975429,6,0.881431405384196,0.939945245110265,-0.0585138397260688
0.0620547548897347,178195.662290279,6.00373209543223,14840.4075546487,0.9999965100833,6,0.881474542795912,0.937945245110265,-0.0564707023143528
0.0640547548897347,178204.293222991,6.22845019616276,14305.6689553992,0.999996345331204,6,0.881517237143061,0.935945245110265,-0.0544280079672044
0.0660547548897347,178212.789178172,6.4389228781837,13838.7112681525,0.999996160285408,6,0.881559263801358,0.933945245110265,-0.0523859813089075
0.0680547548897347,178221.101230714,6.63322241982686,13433.9759735786,0.99999595210075,6,0.881600380754598,0.931945245110265,-0.050344864355667
0.0700547548897347,178229.17655101,6.80937693252176,13087.039997726,0.999995717433425,6,0.88164032667233,0.929945245110265,-0.0483049184379355
0.0720547548897347,178236.957941134,6.96537463750094,12794.4990195877,0.999995452329815,6,0.881678818615477,0.927945245110265,-0.046266426494788
0.0740547548897347,178244.383296543,7.0991657619315,12553.8964206442,0.999995152086295,7,0.881715549373565,0.925945245110265,-0.0442296957366999
0.0760547548897347,178251.384955444,7.20866768026312,12363.6844463981,0.999994811067669,7,0.881750184246263,0.923945245110265,-0.0421950608640028
0.0780547548897347,178257.888935987,7.29176746072501,12223.2291345083,0.999994422473123,7,0.881782357270018,0.921945245110265,-0.0401628878402478
0.0800547548897347,178263.814004566,7.34632789761825,12132.8517110134,0.999993978028215,7,0.881811666609254,0.919945245110265,-0.0381335785010112
0.0820547548897347,178269.070548908,7.3701921512985,12093.9228509463,0.999993467576348,7,0.881837668981932,0.917945245110265,-0.0361075761283335
0.0840547548897347,178273.559201783,7.36118756937456,12109.0216437,0.999992878529082,7,0.881859872851488,0.915945245110265,-0.0340853722587769
0.0860547548897347,178277.169134564,7.31712829887098,12182.1814414592,0.999992195116914,7,0.881877729985645,0.913945245110265,-0.0320675151246205
0.0880547548897347,178279.775919138,7.23581390007673,12319.2621024462,0.999991397348727,7,0.881890624880001,0.911945245110265,-0.0300546202302638
0.0900547548897347,178281.238827607,7.11501545360251,12528.5208437136,0.999990459543503,7,0.881897861400563,0.909945245110265,-0.0280473837097027
0.0920547548897347,178281.397358577,6.95244234741943,12821.494120318,0.999989348212238,7,0.881898645600427,0.907945245110265,-0.0260465995098386
0.0940547548897347,178280.066702934,6.74566403513054,13214.4193495611,0.999988018929349,7,0.881892063290514,0.905945245110265,-0.0240531818197509
0.0960547548897347,178277.03171505,6.49194332515843,13730.6367897705,0.999986411578545,7,0.881877050217115,0.903945245110265,-0.0220681948931503
0.0980547548897347,178272.038721754,6.18788872539733,14404.9163319681,0.999984442883041,7,0.881852351543611,0.901945245110265,-0.020092893566654
0.100054754889735,178264.784067749,5.82875051543023,15291.8523100136,0.999981994167884,7,0.881816465188467,0.899945245110265,-0.018128779921798
0.102054754889735,178254.897593027,5.40697006932614,16483.8065781306,0.999978890265789,7,0.881767560093505,0.897945245110265,-0.0161776850167602
0.104054754889735,178241.917750624,4.90920519447265,18153.8467725193,0.999974860725977,7,0.881703353139754,0.895945245110265,-0.014241891970511
0.106054754889735,178225.252077457,4.31014556236421,20675.0850404802,0.999969462395603,7,0.881620913609821,0.893945245110265,-0.0123243315004445
0.108054754889735,178204.109897315,3.55955044301498,25031.8281409679,0.999961908070582,7,0.88151633029205,0.891945245110265,-0.0104289148182151
0.110054754889735,178177.377191585,2.55504474681378,34867.7606162824,1,7,0.881384092507709,0.889945245110265,-0.00856115260255641
0.112054754889735,178143.357234801,1.08675056750031,81961.4742160003,0.999950635216907,7,0.881215807121484,0.887945245110265,-0.00672943798878178
0.114054754889735,178099.16105561,-1.25823210043187,70773.5722981797,0.999932040183062,7,0.880997183355086,0.885945245110265,-0.00494806175517937
0.116054754889735,178039.092359673,-5.11761045949736,17394.7483663264,0.999896097892627,7,0.880700043539183,0.883945245110265,-0.00324520157108277
0.118054754889735,177950.302613307,-10.120548138961,8791.53481461406,0.999809590822789,7,0.880260830260491,0.881945245110265,-0.001684414849774
0.120054754889735,177805.808797298,-7.70490858424806,11538.4762098803,0.999565858757396,7,0.879546067517302,0.879945245110265,-0.000399177592963373
0.122054754889735,177573.07422634,19.7935123491789,4485.63830142319,0.998981544012276,7,0.87839480717296,0.877945245110265,0.000449562062694975
0.124054754889735,177252.413374614,57.774934976497,1533.99059165294,0.998253704487979,7,0.876808604826424,0.875945245110265,0.000863359716158252
0.126054754889735,176885.206777305,83.8419570251487,1054.87284083939,0.997968786380814,7,0.874992156191735,0.873945245110265,0.00104691108146948
0.128054754889735,176500.258285913,99.7120967842562,885.049377047004,0.998035809090843,7,0.873087944320983,0.871945245110265,0.00114269921071752
0.130054754889735,176107.873958424,109.999707228027,800.492466736095,0.998217983192023,7,0.871146949847669,0.869945245110265,0.00120170473740333
0.132054754889735,175711.806113253,117.206387347722,749.582894283568,0.998423506166064,7,0.869187734240226,0.867945245110265,0.00124248912996117
0.134054754889735,175313.666890138,122.593143329407,715.022317435288,0.9986208965126,7,0.867218272216547,0.865945245110265,0.00127302710628219
0.136054754889735,174914.253216027,126.832970644724,689.545676991141,0.998799027786069,8,0.865242505908613,0.863945245110265,0.00129726079834758
0.138054754889735,174514.00245701,130.310521838571,669.608255706314,0.998954716731158,8,0.863262598820676,0.861945245110265,0.00131735371041053
0.140054754889735,174113.17427988,133.2594666577,653.286324217096,0.999088227076087,8,0.861279835437804,0.859945245110265,0.0013345903275388
0.142054754889735,173711.932515435,135.829250473475,639.449646927697,0.999201324408049,8,0.85929502617635,0.857945245110265,0.00134978106608519
0.144054754889735,173310.385651635,138.119670786521,627.392118243265,0.999296336528914,8,0.857308707690089,0.855945245110265,0.001363462579824
0.146054754889735,172908.60841917,140.199852489946,616.650464848278,0.999375681694178,8,0.855321249646826,0.853945245110265,0.00137600453656095
0.148054754889735,172506.654015775,142.119200378682,606.908333132061,0.999441638199795,8,0.853332915198032,0.851945245110265,0.00138767008776686
0.150054754889735,172104.561383251,143.914002834866,597.942375283424,0.999496243967846,8,0.851343896975813,0.849945245110265,0.00139865186554811
0.152054754889735,171702.35972432,145.611566952714,589.590385288824,0.999541266163225,8,0.849354339436302,0.847945245110265,0.00140909432603709
0.154054754889735,171300.07140779,147.232894548222,581.731656955523,0.999578207200218,8,0.847364353230535,0.845945245110265,0.00141910812026957
0.156054754889735,170897.713895291,148.794464998266,574.274432510922,0.999608327870478,8,0.845374024735371,0.843945245110265,0.00142877962510579
0.158054754889735,170495.301053589,150.309453852861,567.147630050228,0.999632677182294,8,0.843383422545086,0.841945245110265,0.00143817743482122
0.160054754889735,170092.844069885,151.788585561644,560.29524038488,0.99965212286706,8,0.84139260199903,0.839945245110265,0.00144735688876452
0.162054754889735,169690.352103603,153.240742617681,553.672441169781,0.999667380132854,7,0.839401608405823,0.837945245110265,0.00145636329555798
0.164054754889735,169287.832759338,154.673409568665,547.242842940582,0.999679037057784,7,0.83741047938286,0.835945245110265,0.0014652342725946
0.166054754889735,168885.292436138,156.093002714284,540.976499584895,0.999687576469218,7,0.835419246584094,0.833945245110265,0.00147400147382859
0.168054754889735,168482.73658952,157.505119391346,534.848445690513,0.999693394426627,7,0.83342793699616,0.831945245110265,0.00148269188589467
0.170054754889735,168080.169930774,158.914730146211,528.837602958929,0.999696815639725,7,0.831436573924231,0.829945245110265,0.00149132881396552
0.172054754889735,167677.59658123,160.326329786799,522.925949855543,0.999698106012522,7,0.82944517775515,0.827945245110265,0.00149993264488424
0.174054754889735,167275.020192757,161.744058678262,517.097881553402,0.999697483157834,7,0.827453766553505,0.825945245110265,0.00150852144323976
0.176054754889735,166872.444043824,163.17180270969,511.339708432094,0.999695124661335,7,0.825462356536784,0.823945245110265,0.00151711142651878
0.178054754889735,166469.871116777,164.613278120356,505.639256497474,0.999691174877881,7,0.823470962457659,0.821945245110265,0.00152571734739348
0.180054754889735,166067.304161468,166.072105702252,499.985543807121,0.999685750189755,7,0.821479597918728,0.819945245110265,0.00153435280846237
