theta_deg,intrinsic_linewidth_hz,angular_bandwidth_w25_hz,angular_bandwidth_w100_hz,angular_bandwidth_w200_hz
5.8,0.19760771284238518,1286.0897969318123,378.41780060008097,190.44979606336332
5.819999999999999,0.19223336496894572,1286.4005403069352,378.07430012919554,190.26299691876054
5.84,0.18685901709550604,1286.6943850863397,377.7260187642858,190.07395447257474
5.859999999999999,0.18156606418852508,1286.9713804370338,377.3730093177002,189.8826941013581
5.88,0.17650362490896085,1287.2315763174709,377.0153242233044,189.68924084295517
5.8999999999999995,0.17144118562939684,1287.475023465425,376.65301554665075,189.49361939037627
5.92,0.1663787463498326,1287.701773385909,376.28613499545594,189.29585408482592
5.9399999999999995,0.1613163070702686,1287.9118783391677,375.9147339303731,189.0959689078611
5.96,0.15625386779070435,1288.105391328741,375.5388633760417,188.89398747266978
5.9799999999999995,0.15121312620151808,1288.2823660895745,375.1585740324037,188.68993301448086
6.0,0.14650908687812203,1288.4428570762038,374.7739162862583,188.48382838013504
6.02,0.14180504755472617,1288.5869194510035,374.38494022304724,188.27569601687634
6.04,0.1371010082313301,1288.7146090724893,373.99169563883686,188.06555796044498
6.06,0.13239696890793423,1288.8259824836825,373.59423205249095,187.85343582258898
6.08,0.12769292958453818,1288.9210969005624,373.1925987179917,187.63935077814406
6.1,0.1229888902611423,1289.0000102005467,372.78684463689984,187.42332355186562
6.12,0.11863164549181794,1289.0627809110565,372.3770185709185,187.20537440523762
6.14,0.11433075913254485,1289.109468198146,371.96316905453864,186.98552312352297
6.16,0.11002987277327156,1289.1401318551752,371.5453444077316,186.76378900335698
6.18,0.10572898641399847,1289.1548322915794,371.12359274866617,186.54019084123348
6.2,0.10142810005472518,1289.1536305216666,370.6979620064118,186.31474692326637
6.22,0.09712721369545207,1289.1365881534998,370.2684999336053,186.0874750166506
6.24,0.09312072821511239,1289.1037673778458,369.835254119038,185.85839236328172
6.26,0.08926597949432359,1289.0552309571635,369.3982720001406,185.62751567602191
6.279999999999999,0.0854112307735348,1288.991042214685,368.9576008753222,185.39486113812472
6.3,0.08155648205274584,1288.9112650235447,368.51328791613844,185.1604444063494
6.32,0.07770173333195687,1288.8159637959664,368.0653801792449,184.92428061829943
6.34,0.07384698461116809,1288.705203472535,367.6139246181071,184.68638440452267
6.359999999999999,0.07021618490020401,1288.5790495115107,367.1589680944297,184.4467699058903
6.38,0.06684878981283507,1288.4375678782178,366.7005573892686,184.20545079674943
6.3999999999999995,0.06348139472546628,1288.2808250344972,366.238739213791,183.96244031430032
6.42,0.06011399963809733,1288.1088879282236,365.77356021965085,183.71775129459226
6.4399999999999995,0.056746604550728545,1287.9218239828763,365.3050670089408,183.4713962154658
6.46,0.0533792094633596,1287.7197010871953,364.8333061436914,183.2233872466764
6.4799999999999995,0.05014827286378044,1287.5025875848755,364.3583241548797,182.97373630733898
6.5,0.04730766910947262,1287.270552264347,363.88016755091786,182.7224551307165
6.52,0.04446706535516493,1287.0236643486137,363.3988828255906,182.46955533624427
6.54,0.04162646160085711,1286.7619934851432,362.91451646540486,182.21504850855183
6.56,0.03878585784654942,1286.485609735847,362.42711495633387,181.95894628308662
6.58,0.035945254092241606,1286.1945835670956,361.93672478991675,181.70126043780166
6.6,0.03313759970806579,1285.8889858398204,361.4433924686942,181.44200299020224
6.62,0.03086147847621378,1285.5688877996788,360.94716451095326,181.18118629890455
6.64,0.028585357244361873,1285.2343610672667,360.44808745476024,180.91882316869516
6.66,0.026309236012509868,1284.885477628412,359.94620786125887,180.6549269579505
6.68,0.02403311478065796,1284.5223098245363,359.44157231721766,180.38951168713692
6.7,0.021756993548805954,1284.144930343057,358.9342274368085,180.12259214700416
6.72,0.019480872316954046,1283.753412207888,358.4242198626015,179.8541840049911
6.74,0.017719656424041677,1283.3478287699766,357.9115962657703,179.58430390829022
6.76,0.016044039345913415,1282.9282536979244,357.39640334548847,179.31296958198544
6.779999999999999,0.014368422267785152,1282.4947609686596,356.87868782751957,179.0401999206522
6.8,0.012692805189656816,1282.0474248581904,356.35849646199273,178.76601507184216
6.82,0.01101718811152848,1281.5863199324092,355.835876020363,178.49043650991769
6.84,0.009341571033400218,1281.1115210379628,355.3108732915576,178.2134870987931
6.859999999999999,0.008082640875411372,1280.6231032931996,354.7835350773119,177.935191142258
6.88,0.007042002480373802,1280.121142079175,354.25390818670235,177.65557442070516
6.9,0.0060013640853362315,1279.6057130307222,353.72203942988733,177.3746642132731
6.92,0.004960725690298707,1279.0768920275755,353.1879756110646,177.09248930461283
6.9399999999999995,0.003920087295261183,1278.5347551855984,352.65176352066317,176.80907997572115
6.96,0.002879448900223612,1277.9793788480263,352.1134499267865,176.52446797853068
6.9799999999999995,0.002067736705984368,1277.4108395768135,351.5730815659272,176.2386864942042
7.0,0.0015306726348467475,1276.829214144027,351.03070513297604,175.95177007534937
7.02,0.0009936085637091512,1276.234579523309,350.4863672705501,175.66375457263666
7.04,0.0005092559321526115,1275.627012881414,349.9401145576701,175.37467704656524
7.06,0.0002273520495880766,1275.006591569801,349.39199349780995,175.08457566537695
7.08,5.54627540797429e-05,1274.373393116285,348.8420505063645,174.79348959034337
7.1,1.613085832328323e-08,1273.7274952167843,348.29033189755125,174.50145884987552
7.12,0.00015725611995852788,1273.068975727097,347.736883870799,174.20852420407456
7.14,0.0007782143038775279,1272.397912654761,347.1817524966524,173.91472700150672
7.16,0.0019754230635509293,1271.7143841509906,346.62498370223375,173.62010903009187
7.18,0.0045795635981821705,1271.0184685026509,346.0666232563044,173.3247123640807
7.2,0.007498816969943084,1270.3102441243234,345.5067167539659,173.028579209128
7.22,0.010418070341703868,1269.5897895504318,344.9453096010506,172.7317517474746
7.24,0.01605443575277409,1268.857183427407,344.382446998236,172.4342719852032
7.26,0.023670318177418596,1268.112504505971,343.81817392494025,172.13618160346346
7.279999999999999,0.0312862006020631,1267.3558316334388,343.2525351230363,171.83752181543767
7.3,0.038902083026707945,1266.5872437461023,342.6855750804346,171.53833323068307
7.32,0.04651796545135279,1265.806819861686,342.1173380145809,171.23865572830664
7.34,0.054133847875997294,1265.014639071859,341.5478678559183,170.9385283402349
7.359999999999999,0.0630385623938615,1264.2107805348253,340.9772082313544,170.6379891456267
7.38,0.07831304179943316,1263.3953234679652,340.4054024477885,170.33707517725185
7.4,0.09358752120500481,1262.5683471405453,339.8324934757377,170.03582234042423
7.42,0.1088620006105758,1261.7299308665035,339.25852393311123,169.73426534484517
7.4399999999999995,0.12413648001614677,1260.8801539972947,338.68353606917816,169.43243764948514
7.46,0.1394109594217184,1260.0190959147988,338.1075717487684,169.13037142040903
7.4799999999999995,0.1546854388272894,1259.1468360242943,337.5306724367559,168.82809750124952
7.5,0.17661193899104946,1258.2634537475076,336.9528791828572,168.52564539583884
7.52,0.20066985668343618,1257.3690285157052,336.374232606794,168.22304326235323
7.54,0.22472777437582397,1256.4636397628806,335.7947728838491,167.92031791816902
7.56,0.2487856920682107,1255.5473669189919,335.2145397308631,167.61749485452773
7.58,0.27284360976059846,1254.6202894032526,334.6335723926924,167.31459826000426
7.6,0.2969015274529852,1253.682486617511,334.05190962917806,167.01165105171893
7.62,0.324253531696154,1252.734037939684,333.4695897026394,166.70867491319365
7.64,0.3578425129472113,1251.7750227172476,332.8866503659349,166.40569033774148
7.66,0.3914314941982701,1250.8055202608093,332.30312885110976,166.10271667629263
7.68,0.4250204754493274,1249.8256098377344,331.71906185865197,165.79977218859247
7.7,0.4586094567003862,1248.8353706658422,331.13448554738954,165.4968740967606
7.72,0.4921984379514435,1247.8348819071596,330.54943552503346,165.19403864026708
7.74,0.5257874192025023,1246.824222661755,329.96394683939747,164.89128113146353
7.76,0.5687368323443934,1245.803471961612,329.37805397029854,164.58861601089706
7.779999999999999,0.6123577642538334,1244.7727087646067,328.7917908221598,164.28605690173194
7.8,0.6559786961632752,1243.7320119485003,328.2051907173142,163.98361666270458
7.82,0.699599628072717,1242.68146030504,327.61828639002977,163.6813074391371
7.84,0.743220559982157,1241.621132534095,327.0311099812499,163.37914071163607
7.859999999999999,0.7868414918915969,1240.5511072378808,326.4436930340578,163.07712734219518
7.88,0.83584324156291,1239.4714629152247,325.856066489864,162.77527761751242
7.9,0.8898195713658442,1238.38227795591,325.2682606853141,162.4736012894125
7.92,0.9437959011687761,1237.2836306350798,324.6803053499129,162.1721076123364
7.9399999999999995,0.9977722309717079,1236.1755991077134,324.09222960436097,161.87080537792644
7.96,1.0517485607746422,1235.0582614031414,323.5040619595898,161.5697029467868
7.98,1.1057248905775763,1233.9316954196581,322.9158303164948,161.26880827754462
8.0,1.1608106602750812,1232.795978919184,322.32756196634136,160.9681289533656
8.02,1.2253315757587588,1231.6511895219714,321.73928359184265,160.66767220611132
8.04,1.2898524912424365,1230.4974047014077,321.15102126888627,160.3674449383334
8.06,1.3543734067261197,1229.3347017788617,320.56280046889134,160.06745374330987
8.08,1.4188943222097974,1228.163157918598,319.97464606178613,159.76770492333367
8.1,1.483415237693475,1226.9828501227537,319.38658231957714,159.4682045064535
8.12,1.5479361531771525,1225.793855226379,318.7986329204914,159.16895826185953
8.14,1.619788946785244,1224.5962498925405,318.2108209536735,158.8699717140948
8.16,1.694938843949279,1223.3901106074916,317.6231689244092,158.57125015625337
8.18,1.7700887411133142,1222.1755136758945,317.03569875985596,158.27279866231075
8.2,1.8452386382773491,1220.952535216118,316.44843181524686,157.97462209871247
8.219999999999999,1.920388535441384,1219.7212511555877,315.8613888805592,157.67672513532528
8.24,1.995538432605426,1218.4817372262055,315.2745901876018,157.3791122558412
8.26,2.0735936600626874,1217.2340689598266,314.6880554175091,157.08178776770012
8.28,2.1593735291947627,1215.978321683801,314.1018037086103,156.78475581158503
8.3,2.2451533983268455,1214.7145705165751,313.5158536646466,156.48802037053034
8.32,2.3309332674589203,1213.4428903633604,312.9302233633092,156.19158527866233
8.34,2.4167131365909955,1212.163355911854,312.34493036507473,155.89545422959148
8.36,2.5024930057230708,1210.8760416280275,311.75999172230485,155.59963078446037
8.379999999999999,2.588272874855146,1209.5810217519859,311.1754239885922,155.30411837964465
8.4,2.683092114825667,1208.2783702938566,310.5912432283184,155.00892033410346
8.42,2.779435717859275,1206.9681610297907,310.00746502640015,154.71403985637025
8.44,2.875779320892883,1205.650467497967,309.4241044982055,154.41948005117393
8.46,2.9721229239264995,1204.3253629947046,308.84117629960366,154.1252439256824
8.48,3.068466526960108,1202.992920570604,308.2586946371317,153.83133439536022
8.5,3.164810129993716,1201.6532130267738,307.67667327825353,153.537754289434
