kappa,Omega_real,Omega_imag,Q,q_real,q_imag,sigma_ratio,residual,mode_overlap,fixed_order
0.43,0.577473243272,0.205039205144,1.4082020140159,0.320699678562392,0.369207276175623,5.13904815065261e-13,7.75390071020463e-13,NaN,-1
0.428,0.576996411131614,0.204529756355931,1.41054392625272,0.318337720298375,0.370716154140902,5.25059568382734e-13,7.92652464459314e-13,0.999988173173636,-1
0.426,0.576502132558363,0.204008655018162,1.41293547694591,0.315951702237313,0.372244947077371,7.56429719606086e-13,1.14233159439867e-12,0.999988157388078,-1
0.424,0.575990079400106,0.203476233837517,1.4153743376734,0.313541852962294,0.373794729401564,1.11462292241093e-12,1.68371703734482e-12,0.999988142881315,-1
0.422,0.575459919251175,0.202932851125536,1.41785796646397,0.311108447238558,0.375366606592217,1.59001505046483e-12,2.40229591144681e-12,0.999988129932561,-1
0.42,0.574911316752345,0.202378892307907,1.4203835938524,0.308651810265334,0.376961714106258,2.17240790520064e-12,3.28344845161134e-12,0.999988118842087,-1
0.418,0.574343935088765,0.201814771440504,1.42294820886806,0.30617232212914,0.378581215905234,2.85403036375576e-12,4.31462011455932e-12,0.999988109931911,-1
0.416,0.573757437702256,0.201240932715358,1.42554854512079,0.303670422438718,0.380226302543102,3.62676793282446e-12,5.48473988725819e-12,0.999988103546294,-1
0.414,0.573151490234739,0.200657851934646,1.42818106719645,0.301146615113902,0.381898188761461,4.4834458648426e-12,6.78228319105656e-12,0.999988100052,-1
0.412,0.572525762718567,0.200066037926687,1.43084195761493,0.298601473291609,0.383598110536439,5.41572037533109e-12,8.19467062643899e-12,0.999988099838226,-1
0.41,0.571879932027867,0.199466033873495,1.4335271046462,0.296035644301829,0.38532732152058,6.41421923185194e-12,9.70852573972618e-12,0.999988103316164,-1
0.408,0.571213684602517,0.198858418514838,1.43623209132556,0.293449854654869,0.387087088823695,7.46880985019354e-12,1.13074211457437e-11,0.999988110918101,-1
0.406,0.570526719452887,0.198243807188903,1.43895218605554,0.290844914968354,0.388878688078977,8.56795177120032e-12,1.29748359785319e-11,0.999988123095984,-1
0.404,0.569818751448935,0.197622852664961,1.44168233522814,0.288221724748691,0.390703397745303,9.69862891885717e-12,1.46911817770138e-11,0.999988140319356,-1
0.402,0.569089514913425,0.196996245715402,1.4444171584254,0.285581276947221,0.392562492584775,4.44089208816312e-16,8.97512636978005e-16,0.9999881630726,-1
0.4,0.568338767380228,0.196364715394283,1.44715094623557,0.282924662058773,0.394457236396636,4.44089209838526e-16,7.40803329226606e-16,0.999988191851387,-1
0.398,0.56756629381795,0.19572902891565,1.44987766240475,0.280253071922629,0.396388873713794,4.44089209549171e-16,7.74783968276506e-16,0.999988227158263,-1
0.396,0.566771910874823,0.195089991139124,1.45259094934973,0.277567802704805,0.398358620823422,4.44089208814437e-16,7.52732888223677e-16,0.99998826949735,-1
0.394,0.565955471411871,0.194448443554561,1.45528413873127,0.274870257185705,0.400367655867822,4.44089209822347e-16,9.7420835943195e-16,0.999988319368061,-1
0.392,0.565116869152705,0.193805262727363,1.45795026719085,0.272161946080576,0.402417108177863,4.44089209763857e-16,8.02129542772941e-16,0.999988377257881,-1
0.39,0.564256043404761,0.193161358147305,1.46058209782947,0.269444488242448,0.404508046899873,4.44089209054014e-16,9.77274827339067e-16,0.999988443634214,-1
0.388,0.563372983773494,0.19251766943362,1.46317214786289,0.266719609579821,0.406641469027342,4.44089209804858e-16,9.33949534145967e-16,0.999988518935382,-1
0.386,0.562467734777573,0.191875162858978,1.46571272278468,0.26398914052828,0.408818286984823,4.44089209557382e-16,1.00635528533578e-15,0.999988603560888,-1
0.384,0.561540400260587,0.191234827168311,1.46819595723105,0.261255011929833,0.41103931594889,4.44089209825454e-16,1.03681411978527e-15,0.999988697861152,-1
0.382,0.560591147483991,0.190597668685248,1.47061386256971,0.258519249197027,0.413305261128174,4.44089209815763e-16,8.70288918930752e-16,0.999988802126934,-1
0.38,0.559620210778005,0.189964705719125,1.47295838103063,0.255783964671367,0.415616705259472,4.44089209818431e-16,7.49185958064266e-16,0.999988916578783,-1
0.378,0.558627894622904,0.189336962308626,1.47522144596447,0.253051348127402,0.417974096607117,4.44089209828605e-16,1.00226750283483e-15,0.99998904135684,-1
0.376,0.557614576033523,0.188715461363467,1.47739504756199,0.250323655424484,0.420377737775987,4.44089209586422e-16,8.58301714981872e-16,0.999989176511412,-1
0.374,0.556580706125697,0.188101217292085,1.47947130310548,0.247603195366441,0.422827775661742,4.44089209833946e-16,1.06346429841213e-15,0.999989321994758,-1
0.372,0.555526810755365,0.187495228229736,1.48144253056585,0.244892314893181,0.425324192863085,4.44089179684248e-16,9.26478805313249e-16,0.999989477654491,-1
0.37,0.55445349013934,0.186898468006234,1.48330132412013,0.242193382794721,0.427866800867901,4.44089207214533e-16,1.04111473398234e-15,0.999989643229045,-1
0.368,0.553361417391229,0.186311878014091,1.48504062996289,0.239508772203887,0.430455235296913,4.44089209847379e-16,9.73984706964375e-16,0.999989818345559,-1
0.366,0.552251335935902,0.185736359154381,1.48665382063638,0.23684084218502,0.433088953444724,4.44089208119133e-16,7.72410858189025e-16,0.999990002520448,-1
0.364,0.551124055800206,0.185172764047747,1.48813476602341,0.234191918788344,0.435767234299667,4.44089202100844e-16,9.43532074103892e-16,0.999990195162865,-1
0.362,0.54998044881454,0.184621889700362,1.48947789914606,0.231564275979256,0.438489181152837,4.44089209848726e-16,1.06062919155553e-15,0.999990395581099,-1
0.36,0.548821442797694,0.18408447080864,1.49067827499748,0.228960116875455,0.441253726826161,4.44089207185992e-16,9.89545248052549e-16,0.999990602991806,-1
0.358,0.547648014833553,0.183561173871871,1.49173162080512,0.226381555730001,0.444059641463648,4.44089209571015e-16,1.24274176125567e-15,0.999990816531855,-1
0.356,0.546461183780953,0.183052592259126,1.49263437637472,0.223830601083961,0.446905542743781,4.44089209839087e-16,1.02616970429966e-15,0.999991035272404,-1
0.354,0.545262002184837,0.182559242346982,1.49338372348325,0.221309140478543,0.449789908289458,4.44089209835737e-16,8.87996255955287e-16,0.999991258234723,-1
0.352,0.544051547776467,0.182081560809321,1.49397760365809,0.21881892706512,0.452711089979823,4.4408920901847e-16,7.68041342453557e-16,0.999991484407185,-1
0.35,0.542830914761466,0.181619903101804,1.49441472407677,0.216361568385352,0.455667329809926,4.44089209828551e-16,9.86851695075783e-16,0.999991712762794,-1
0.348,0.541601205096557,0.181174543143939,1.49469455172371,0.213938517516809,0.458656776902579,4.44089209842314e-16,8.71054374162616e-16,0.999991942276606,-1
0.346,0.540363519949022,0.180745674163098,1.49481729632272,0.211551066696685,0.461677505253918,4.44089209706536e-16,8.14397030675018e-16,0.999992171942442,-1
0.344,0.539118951518072,0.180333410629734,1.49478388290733,0.209200343452471,0.464727531790445,4.44089209847555e-16,9.86810777580611e-16,0.999992530187618,-1
0.342,0.537868575375665,0.179937791182933,1.49459591517616,0.206887309188371,0.46780483432982,4.44089209677031e-16,8.54605211673699e-16,0.999992754057523,-1
0.34,0.536613443457623,0.179558782421793,1.49425563099746,0.204612760104108,0.470907369068239,4.44089209777979e-16,7.39826632372684e-16,0.999992963151168,-1
0.338,0.535354577805976,0.179196283421532,1.49376585156801,0.202377330261621,0.474033087260896,4.44089202984851e-16,9.13651279005015e-16,0.999993168116493,-1
0.336,0.534092965132309,0.178850130823936,1.49312992579827,0.200181496567287,0.477179950815032,4.4408920876732e-16,8.58115524175214e-16,0.999993368397456,-1
0.334,0.532829552241125,0.178520104349449,1.49235167149052,0.198025585403651,0.480345946573841,4.44089209377119e-16,1.1304438036458e-15,0.999993563515652,-1
0.332,0.531565242323556,0.178205932582087,1.49143531481114,0.195909780625225,0.483529099130109,4.44089209832896e-16,8.75129452288842e-16,0.999993753070057,-1
0.33,0.530300892106149,0.17790729888749,1.49038542944074,0.193834132626791,0.486727482067785,4.44089209590472e-16,6.66040049603919e-16,0.999993936735131,-1
0.328,0.52903730981785,0.17762384733751,1.48920687663241,0.191798568198208,0.489939227584967,4.44089209846818e-16,1.00114153781922e-15,0.999994114257575,-1
0.326,0.527775253921078,0.177355188530668,1.48790474722936,0.189802900894954,0.493162534500981,4.44089209828937e-16,8.91203546229629e-16,0.999994285451999,-1
0.324,0.526515432540007,0.177100905215278,1.4864843065031,0.187846841676227,0.496395674692088,4.44089209841806e-16,1.07042299684106e-15,0.999994450195795,-1
0.322,0.525258503510744,0.176860557640047,1.48495094248139,0.18593000959015,0.499636998034168,4.44089209385426e-16,7.06745683967177e-16,0.999994608423477,-1
0.32,0.524005074973513,0.176633688574631,1.48331011825106,0.184051942316321,0.50288493595642,4.44089188130368e-16,7.52713013782134e-16,0.99999476012072,-1
0.318,0.522755706425832,0.1764198279592,1.48156732855087,0.182212106407772,0.506138003728174,4.44089209736441e-16,1.04770750440955e-15,0.999994905318307,-1
0.316,0.521510910157303,0.176218497157109,1.47972806081857,0.180409907105787,0.509394801611805,4.44089209737623e-16,8.79802738796773e-16,0.999995044086153,-1
0.314,0.520271152990474,0.176029212797986,1.47779776072607,0.1786446976308,0.512654015019722,4.44089209843872e-16,1.19515144954655e-15,0.99999517652754,-1
0.312,0.519036858257621,0.175851490209668,1.47578180212966,0.176915787879889,0.515914413813164,4.44089209845301e-16,8.35481834200535e-16,0.999995302773662,-1
0.31,0.517808407949844,0.175684846446601,1.47368546127634,0.175222452485647,0.519174850876368,4.44089208831726e-16,1.1559471071755e-15,0.999995422978566,-1
0.308,0.51658614498188,0.175528802929508,1.47151389504246,0.173563938212225,0.522434260092466,4.44089209846894e-16,1.20372580338359e-15,0.999995537314514,-1
0.306,0.515370375523383,0.175382887716503,1.46927212293497,0.171939470681923,0.52569165383811,4.44089209821064e-16,7.42489324135978e-16,0.999995645967806,-1
0.304,0.514161371354572,0.17524663742969,1.46696501255511,0.170348260440128,0.528946120103151,4.44089093987313e-16,7.78480109687231e-16,0.999995749135064,-1
0.302,0.512959372211083,0.175119598863649,1.46459726820892,0.168789508377709,0.532196819330373,4.44089179239191e-16,7.38790557721308e-16,0.999995847019963,-1
0.3,0.511764588089212,0.175001330303539,1.46217342234359,0.167262410538593,0.535442981058738,4.44089209634886e-16,9.56647110351588e-16,0.999995939830403,-1
0.298,0.510577201488616,0.174891402580848,1.45969782949333,0.165766162346446,0.538683900442381,4.44089209838819e-16,7.75704911037662e-16,0.999996027776083,-1
0.296,0.509397369574711,0.174789399894424,1.45717466242918,0.1642999622885,0.541918934706863,4.44089207788359e-16,7.44712939833825e-16,0.999996111066444,-1
0.294,0.508225226247571,0.174694920423465,1.45460791022321,0.162863015097014,0.545147499594244,4.44089209831377e-16,1.03253712564139e-15,0.999996189908975,-1
0.292,0.507060884108077,0.174607576757772,1.45200137795712,0.161454534469832,0.548369065839446,4.44089209296327e-16,9.9310659141083e-16,0.999996264507801,-1
0.29,0.505904436315354,0.174526996168924,1.44935868782641,0.160073745371442,0.551583155712204,4.44089209836057e-16,7.20900841910661e-16,0.999996335062555,-1
0.288,0.504755958332335,0.174452820744243,1.44668328141376,0.158719885954946,0.55478933965171,4.44089209826206e-16,8.97346464857594e-16,0.999996401767496,-1
0.286,0.503615509558552,0.174384707403506,1.443978422928,0.157392209143814,0.55798723301475,4.44089209828702e-16,9.91752519450178e-16,0.999996464810822,-1
0.284,0.502483134851057,0.174322327816503,1.44124720322684,0.156089983910198,0.561176492952711,4.4408920983275e-16,1.08300531742412e-15,0.999996524374168,-1
0.282,0.501358865935834,0.174265368237641,1.43849254446284,0.154812496284315,0.56435681542825,4.4408920984542e-16,6.4494231457971e-16,0.999996580632261,-1
0.28,0.500242722713124,0.174213529272033,1.435717205212,0.153559050126856,0.567527932378522,4.44089209781274e-16,8.54378961426638e-16,0.999996633752697,-1
0.278,0.499134714460927,0.174166525585842,1.43292378596287,0.152328967693838,0.570689609028693,4.44089209438175e-16,8.64043569303718e-16,0.999996683895829,-1
0.276,0.49803484094148,0.174124085572048,1.43011473486075,0.151121590020742,0.573841641356824,4.44089209804789e-16,9.75393331577512e-16,0.999996731214746,-1
0.274,0.496943093415898,0.174085950981404,1.42729235361728,0.149936277150248,0.576983853709108,4.44089209821974e-16,9.51659483543272e-16,0.999996775855319,-1
0.272,0.49585945557238,0.174051876527014,1.42445880350913,0.148772408225521,0.580116096562799,4.44089209766507e-16,7.83740079890011e-16,0.999996817956311,-1
0.27,0.49478390437343,0.174021629469796,1.42161611140214,0.147629381468662,0.583238244432862,4.44089062506873e-16,1.39957513337467e-15,0.999996857649526,-1
0.268,0.49371641082756,0.173994989191011,1.41876617574762,0.146506614061875,0.586350193917429,4.44089209560362e-16,9.91332236886697e-16,0.999996895060007,-1
0.266,0.492656940690817,0.173971746757135,1.41591077250769,0.145403541946866,0.589451861876428,4.44089209841337e-16,8.53710785774623e-16,0.999996930306248,-1
0.264,0.491605455103303,0.173951704481461,1.41305156097421,0.144319619556229,0.592543183737299,4.44089206532473e-16,9.91130348733842e-16,0.99999696350043,-1
0.262,0.490561911182117,0.173934675495049,1.41019008942837,0.143254319502829,0.595624111913828,9.8722149096156e-12,1.48822140741217e-11,0.999996994748698,-1
0.26,0.489526262476381,0.173920483275704,1.4073278007754,0.142207132153082,0.598694614376949,9.41129273527745e-12,1.41849014714413e-11,0.99999702415128,-1
0.258,0.48849845953791,0.17390896127568,1.40446603773208,0.141177565307665,0.601754673257529,8.98765064620189e-12,1.35440464029074e-11,0.999997051803032,-1
0.256,0.487478450277752,0.173899952462627,1.40160604811699,0.140165143708387,0.604804283625784,8.59935627340801e-12,1.29567022084971e-11,0.999997077793413,-1
0.254,0.486466180364551,0.173893308918462,1.39874898979768,0.139169408597851,0.607843452327663,8.24457169876061e-12,1.24198316501829e-11,0.999997102206893,-1
0.252,0.485461593567011,0.173888891439128,1.3958959354714,0.138189917248876,0.610872196917291,7.92123092473813e-12,1.19306394289296e-11,0.999997125123174,-1
0.25,0.484464632060919,0.173886569146069,1.39304787724564,0.13722624248382,0.61389054467201,7.62706082275573e-12,1.14855726946792e-11,0.999997146617442,-1
0.248,0.483475236703885,0.173886219110084,1.39020573101829,0.136277972188164,0.616898531684297,7.36037862333863e-12,1.10821023220091e-11,0.999997166760615,-1
0.246,0.482493347280758,0.173887725988012,1.38737034065884,0.135344708822058,0.619896202025161,7.11942148225231e-12,1.07174551083459e-11,0.999997185619565,-1
0.244,0.481518902722416,0.173890981672521,1.38454248199378,0.13442606893295,0.622883606973887,6.90196785867136e-12,1.03881947885562e-11,0.999997203257355,-1
0.242,0.480551841300413,0.173895884955134,1.38172286660031,0.133521682671888,0.625860804309268,6.70619348319782e-12,1.00919922130084e-11,0.999997219733449,-1
0.24,0.479592100799784,0.173902341202474,1.37891214541326,0.132631193315679,0.628827857657795,6.53059961038163e-12,9.82594766788609e-12,0.999997235103919,-1
0.238,0.478639618672081,0.17391026204563,1.37611091215105,0.13175425679666,0.63178483589452,6.37295561860071e-12,9.586929545982e-12,0.999997249421642,-1
0.236,0.477694332170567,0.173919565082465,1.37331970656684,0.130890541241531,0.634731812592603,6.23209138640246e-12,9.373645561284e-12,0.999997262736485,-1
0.234,0.476756178469312,0.173930173592599,1.37053901753134,0.1300397265204,0.637668865517825,6.10636805468223e-12,9.18302748311848e-12,0.999997275095487,-1
0.232,0.475825094767785,0.173942016264779,1.3677692859541,0.129201503806938,0.640596076164582,5.9941023562919e-12,9.01269841811872e-12,0.999997286543019,-1
0.23,0.474901018382388,0.173955026936279,1.36501090755011,0.128375575150326,0.643513529330153,5.89407318800544e-12,8.86075557498566e-12,0.99999729712095,-1
0.228,0.473983886826269,0.173969144343973,1.36226423545863,0.127561653059504,0.646421312724225,5.80544233946966e-12,8.72608944387471e-12,0.999997306868793,-1
0.226,0.473073637878603,0.173984311886676,1.35952958272105,0.126759460100064,0.649319516610924,5.72639193416276e-12,8.60577629105428e-12,0.99999731582385,-1
0.224,0.472170209644441,0.174000477398355,1.35680722462462,0.125968728504004,0.652208233480762,5.65586800403299e-12,8.49856166089983e-12,0.999997324021339,-1
0.222,0.471273540606109,0.174017592931791,1.35409740091863,0.125189199792433,0.655087557750127,5.59343621645383e-12,8.40335508197917e-12,0.999997331494524,-1
0.22,0.470383569667072,0.174035614552278,1.35140031790957,0.124420624411251,0.657957585486129,5.5379649820962e-12,8.31874984605441e-12,0.999997338274834,-1
0.218,0.469500236189068,0.174054502140952,1.34871615044137,0.123662761379725,0.660818414154753,5.48867458638341e-12,8.24348031717554e-12,0.999997344391969,-1
0.216,0.468623480023244,0.174074219207321,1.34604504376698,0.122915377951822,0.663670142390466,5.44501835733585e-12,8.17646254219252e-12,0.999997349874011,-1
0.214,0.467753241535984,0.174094732710609,1.34338711531702,0.122178249290116,0.666512869785539,5.40621526851428e-12,8.11689355027164e-12,0.999997354747516,-1
0.212,0.466889461630014,0.174116012889516,1.34074245637096,0.121451158152037,0.669346696697495,5.37187639030732e-12,8.06420909233993e-12,0.999997359037608,-1
0.21,0.466032081761336,0.174138033100002,1.33811113363646,0.12073389458819,0.67217172407322,5.34126732127634e-12,8.01710782079056e-12,0.999997362768066,-1
0.208,0.465181043952494,0.174160769660735,1.33549319074171,0.120026255652465,0.674988053288381,5.31441002901962e-12,7.97554264975348e-12,0.999997365961402,-1
0.206,0.46433629080261,0.174184201705833,1.33288864964572,0.119328045123597,0.67779578600091,5.29057760948608e-12,7.93855987010388e-12,0.999997368638943,-1
0.204,0.463497765494589,0.174208311044563,1.33029751197124,0.118639073237883,0.680595024017415,5.26942163077681e-12,7.9057729994981e-12,0.999997370820895,-1
0.202,0.462665411799866,0.174233082027657,1.32771976026466,0.11795915643269,0.683385869171457,5.25112278850934e-12,7.87700706396188e-12,0.999997372526413,-1
0.2,0.461839174081021,0.174258501419933,1.32515535918694,0.117288117100411,0.686168423212728,5.23505249449151e-12,7.85169011124284e-12,0.999997373773663,-1
0.198,0.461018997292542,0.17428455827891,1.32260425663978,0.116625783352531,0.68894278770624,5.2210682890796e-12,7.82971261106912e-12,0.999997374579882,-1
0.196,0.460204826980022,0.174311243839127,1.32006638483042,0.115971988793447,0.691709063940714,5.20930667047703e-12,7.81081871614887e-12,0.99999737496143,-1
0.194,0.459396609278014,0.174338551401899,1.31754166127886,0.115326572303685,0.694467352845397,5.19911006459679e-12,7.79458806859129e-12,0.999997374933843,-1
0.192,0.45859429090676,0.174366476230224,1.31502998977067,0.114689377832182,0.697217754914635,5.19079023375971e-12,7.78095307419426e-12,0.999997374511879,-1
0.19,0.457797819167986,0.174395015448613,1.31253126125867,0.114060254197283,0.699960370139558,5.18413529594239e-12,7.76998780504735e-12,0.999997373709567,-1
0.188,0.457007141939943,0.174424167947587,1.31004535471618,0.113439054896127,0.702695297946286,5.17899777643488e-12,7.76098223310873e-12,0.999997372540245,-1
0.186,0.456222207671828,0.174453934292618,1.30757213794499,0.112825637922084,0.705422637140135,5.17515938383555e-12,7.75431669772197e-12,0.999997371016602,-1
0.184,0.455442965377744,0.174484316637308,1.30511146834031,0.112219865589934,0.70814248585531,5.17295905307416e-12,7.7498292421105e-12,0.999997369150713,-1
0.182,0.454669364630306,0.174515318640585,1.3026631936154,0.111621604368481,0.710854941509653,5.17202233780037e-12,7.74736854242769e-12,0.999997366954076,-1
0.18,0.453901355554009,0.174546945387737,1.30022715248817,0.111030724720283,0.713560100764003,5.17204685588012e-12,7.74610380916403e-12,0.999997364437641,-1
0.178,0.453138888818448,0.17457920331509,1.29780317533183,0.110447100948226,0.716258059485812,5.17335412163e-12,7.74726154247411e-12,0.99999736161184,-1
0.176,0.452381915631484,0.174612100138162,1.29539108479176,0.109870611048647,0.718948912716649,5.17582858826652e-12,7.74995398052475e-12,0.999997358486623,-1
0.174,0.451630387732426,0.17464564478313,1.29299069637049,0.109301136570742,0.721632754643267,5.17963344020848e-12,7.75465701478114e-12,0.999997355071473,-1
0.172,0.450884257385291,0.174679847321439,1.29060181898256,0.108738562481985,0.724309678571952,5.18423880084751e-12,7.76048519390176e-12,0.999997351375441,-1
0.17,0.450143477372216,0.174714718907432,1.28822425548105,0.10818277703932,0.726979776905859,5.18965550426793e-12,7.76761941134916e-12,0.99999734740716,-1
0.168,0.449408000987052,0.174750271718834,1.28585780315732,0.10763367166586,0.7296431411251,5.19651286113968e-12,7.77667391201191e-12,0.999997343174873,-1
0.166,0.448677782029199,0.174786518899972,1.28350225421553,0.107091140832885,0.732299861769356,5.2038104851253e-12,7.78702851533809e-12,0.999997338686453,-1
0.164,0.447952774797718,0.174823474507604,1.28115739622322,0.106555081946891,0.734950028422779,5.21209132420605e-12,7.79832856625399e-12,0.999997333949417,-1
0.162,0.447232934085745,0.174861153459234,1.27882301253951,0.106025395241484,0.737593729701021,5.2212102134899e-12,7.81096873288314e-12,0.999997328970949,-1
0.16,0.446518215175244,0.174899571483808,1.27649888272191,0.105501983673908,0.740231053240178,5.23100112019192e-12,7.82474506465773e-12,0.999997323757912,-1
0.158,0.44580857383212,0.174938745074668,1.27418478291313,0.10498475282601,0.742862085687518,5.24175987617793e-12,7.83965694037475e-12,0.999997318316868,-1
0.156,0.445103966301707,0.174978691444685,1.27188048620885,0.10447361080945,0.74548691269381,5.25301966726251e-12,7.85567029346764e-12,0.999997312654089,-1
0.154,0.44440434930465,0.175019428483459,1.26958576300759,0.10396846817497,0.748105618907141,5.26452547693922e-12,7.87189010188806e-12,0.999997306775572,-1
0.152,0.443709680033204,0.175060974716495,1.26730038134363,0.103469237825547,0.750718287968077,5.27690443669676e-12,7.8894479856356e-12,0.999997300687048,-1
0.15,0.443019916147933,0.175103349266276,1.2650241072038,0.102975834933269,0.753325002506056,5.28960311683822e-12,7.90773981259665e-12,0.999997294394,-1
0.148,0.442335015774851,0.17514657181515,1.26275670482918,0.102488176859758,0.755925844136909,5.3025994772944e-12,7.92641260293343e-12,0.99999728790167,-1
0.146,0.441654937502982,0.175190662569937,1.26049793700241,0.102006183080003,0.758520893461401,5.3161107430589e-12,7.94549644189437e-12,0.999997281215068,-1
0.144,0.440979640382354,0.175235642228211,1.25824756532139,0.101529775109444,0.761110230064711,5.32981683018595e-12,7.96499736631729e-12,0.999997274338983,-1
0.142,0.440309083922437,0.175281531946153,1.25600535046014,0.101058876434164,0.763693932516758,5.34397114891422e-12,7.98535912637606e-12,0.999997267277992,-1
0.14,0.439643228091002,0.175328353307932,1.25377105241743,0.100593412444068,0.7662720783733,5.35788898973891e-12,8.00549813886353e-12,0.999997260036468,-1
0.138,0.438982033313421,0.175376128296533,1.25154443075392,0.100133310368901,0.768844744177738,5.37230529103795e-12,8.02596613817738e-12,0.999997252618589,-1
0.136,0.438325460472396,0.175424879265986,1.2493252448183,0.0996784992169928,0.771412005463552,5.38660117862629e-12,8.04626784109511e-12,0.999997245028342,-1
0.134,0.437673470908114,0.175474628914914,1.24711325396316,0.0992289097166134,0.773973936757317,5.40087260033576e-12,8.0668933735137e-12,0.999997237269531,-1
0.132,0.43702602641882,0.175525400261374,1.24490821775095,0.098784474259812,0.776530611582235,5.41499683486807e-12,8.08715599914129e-12,0.999997229345782,-1
0.13,0.436383089261815,0.175577216618905,1.2427098961507,0.0983451268486452,0.779082102462143,5.42911154861236e-12,8.10737783837034e-12,0.999997221260555,-1
0.128,0.435744622154852,0.175630101573753,1.24051804972586,0.0979108030436834,0.781628480925939,5.44287650273618e-12,8.12717021909058e-12,0.99999721301714,-1
0.126,0.435110588277944,0.175684078963216,1.23833243981387,0.0974814399146974,0.784169817512392,5.45639773995816e-12,8.14685711128322e-12,0.999997204618665,-1
0.124,0.434480951275568,0.175739172855057,1.23615282869776,0.09705697599343,0.786706181775284,5.46966959959093e-12,8.16548779701586e-12,0.999997196068103,-1
0.122,0.433855675259252,0.175795407527949,1.23397897977021,0.0966373512283619,0.789237642288867,5.48271100535776e-12,8.18408732410866e-12,0.999997187368277,-1
0.12,0.433234724810549,0.175852807452886,1.23181065769058,0.0962225069413842,0.791764266653575,5.49521450931074e-12,8.2020677327071e-12,0.999997178521857,-1
0.118,0.432618064984382,0.175911397275553,1.22964762853517,0.0958123857862951,0.794286121501987,5.50753204627379e-12,8.21973340920731e-12,0.999997169531372,-1
0.116,0.432005661312748,0.17597120179957,1.22748965994106,0.0954069317090392,0.796803272504985,5.51920434802832e-12,8.23632365419479e-12,0.999997160399207,-1
0.114,0.431397479808792,0.176032245970609,1.22533652124401,0.095006089909616,0.79931578437811,5.53036338389789e-12,8.25224863547908e-12,0.999997151127609,-1
0.112,0.430793486971216,0.176094554861316,1.22318798361054,0.0946098068055796,0.801823720888061,5.54104942063579e-12,8.26741464639404e-12,0.999997141718688,-1
0.11,0.430193649789036,0.176158153657014,1.22104382016468,0.0942180299970634,0.804327144859331,5.55112096184139e-12,8.28173027072792e-12,0.999997132174423,-1
0.108,0.429597935746666,0.176223067642155,1.21890380610961,0.0938307082332632,0.806826118180969,5.5607187853878e-12,8.29518439445084e-12,0.999997122496658,-1
0.106,0.429006312829333,0.176289322187461,1.21676771884442,0.0934477913803092,0.809320701813411,5.56954180515354e-12,8.30780762095567e-12,0.999997112687112,-1
0.104,0.428418749528799,0.176356942737758,1.21463533807641,0.0930692303904716,0.811810955795414,5.5777875640502e-12,8.3194780246404e-12,0.999997102747375,-1
0.102,0.427835214849399,0.176425954800427,1.21250644592902,0.0926949772726362,0.814296939251024,5.58534356210407e-12,8.33019550615835e-12,0.999997092678911,-1
0.1,0.427255678314374,0.176496383934466,1.21038082704577,0.0923249850639943,0.8167787103966,5.59227630399041e-12,8.33961713666251e-12,0.999997082483062,-1
0.098,0.426680109972502,0.176568255740132,1.20825826869038,0.0919592078028958,0.819256326547865,5.59872533868372e-12,8.34855120441159e-12,0.999997072161046,-1
0.096,0.426108480405006,0.1766415958491,1.20613856084333,0.0915976005028068,0.821729844126964,5.60441071173037e-12,8.35624095240481e-12,0.999997061713961,-1
0.094,0.425540760732755,0.176716429915155,1.20402149629512,0.0912401191273294,0.824199318669529,5.60942157382416e-12,8.36313498588242e-12,0.999997051142785,-1
0.092,0.424976922623718,0.176792783605341,1.20190687073632,0.0908867205662302,0.826664804831731,5.61374344151168e-12,8.36908313329435e-12,0.999997040448379,-1
0.09,0.424416938300702,0.176870682591569,1.19979448284476,0.0905373626124334,0.829126356397311,5.61770680583438e-12,8.37419879019958e-12,0.999997029631483,-1
0.088,0.423860780549337,0.176950152542635,1.19768413437002,0.0901920039399347,0.831584026284578,5.62092231162741e-12,8.37835579506398e-12,0.99999701869272,-1
0.086,0.423308422726313,0.177031219116631,1.19557563021534,0.0898506040825937,0.834037866553365,5.62356478019174e-12,8.38162901814507e-12,0.999997007632601,-1
0.084,0.422759838767873,0.177113907953714,1.19346877851725,0.0895131234137629,0.836487928411933,5.6257585710438e-12,8.38434026989913e-12,0.999996996451517,-1
0.082,0.422215003198538,0.177198244669201,1.19136339072303,0.089179523126715,0.838934262223813,5.62717869985811e-12,8.38592740783243e-12,0.999996985149746,-1
0.08,0.421673891140072,0.177284254846973,1.18925928166619,0.0888497652158317,0.841376917514586,5.6285138080756e-12,8.38744429528198e-12,0.99999697372745,-1
0.078,0.421136478320672,0.177371964033149,1.18715626964013,0.0885238124585156,0.84381594297858,5.62924373121515e-12,8.38790893870315e-12,0.99999696218468,-1
0.076,0.420602741084392,0.177461397730009,1.18505417647025,0.0882016283977923,0.846251386485485,5.62989133375609e-12,8.38828145558087e-12,0.99999695052137,-1
0.074,0.420072656400778,0.177552581390137,1.1829528275845,0.0878831773255707,0.848683295086885,5.63014124085629e-12,8.38812991807658e-12,0.999996938737341,-1
0.072,0.419546201874722,0.177645540410753,1.18085205208261,0.0875684242665229,0.851111715022678,5.63010485051752e-12,8.38763722279998e-12,0.999996926832301,-1
0.07,0.419023355756527,0.177740300128213,1.17875168280425,0.0872573349625622,0.853536691727412,5.63016372767375e-12,8.38699421489307e-12,0.999996914805847,-1
0.068,0.418504096952175,0.177836885812646,1.17665155639611,0.0869498758578797,0.855958269836495,5.62997912066116e-12,8.38631224099648e-12,0.999996902657458,-1
0.066,0.417988405033803,0.177935322662706,1.17455151337809,0.0866460140845184,0.858376493192302,5.62995893201356e-12,8.38574486732807e-12,0.999996890386505,-1
0.064,0.417476260250365,0.178035635800401,1.17245139820885,0.0863457174484515,0.860791404850159,5.62995484297301e-12,8.38546260219856e-12,0.999996877992245,-1
0.062,0.4169676435385,0.178137850265987,1.17035105935068,0.0860489544161414,0.8632030470842,5.63045524699007e-12,8.38563327041494e-12,0.999996865473819,-1
0.06,0.416462536533577,0.178241991012891,1.16825034933395,0.0857556941015515,0.8656114613931,5.63132280789988e-12,8.38656014364888e-12,0.999996852830258,-1
0.058,0.415960921580927,0.178348082902641,1.16614912482126,0.0854659062535868,0.868016688505665,5.63271711023304e-12,8.38799980698554e-12,0.999996840060479,-1
0.056,0.415462781747261,0.178456150699767,1.16404724667134,0.0851795612439383,0.870418768386295,5.63456263523932e-12,8.39053222888573e-12,0.999996827163287,-1
0.054,0.414968100832254,0.178566219066665,1.16194458000293,0.0848966300553073,0.8728177402403,5.63751799424982e-12,8.39429401117573e-12,0.999996814137373,-1
0.052,0.414476863380301,0.178678312558374,1.15984099425858,0.0846170842699891,0.875213642519065,5.64127693884575e-12,8.39969655404332e-12,0.999996800981314,-1
0.05,0.413989054692442,0.178792455617263,1.15773636326876,0.0843408960587905,0.877606512925074,5.6462540399418e-12,8.40643004662944e-12,0.999996787693574,-1
0.048,0.413504660838448,0.17890867256758,1.15563056531609,0.0840680381702619,0.879996388416777,5.65240052902972e-12,8.41531500850289e-12,0.999996774272506,-1
0.046,0.413023668669049,0.179026987609851,1.15352348320003,0.0837984839202224,0.882383305213298,5.65981386840315e-12,8.42602754440287e-12,0.999996760716345,-1
0.044,0.412546065828335,0.179147424815096,1.15141500430201,0.0835322071815584,0.884767298798993,5.66907377291861e-12,8.43951074051011e-12,0.999996747023214,-1
0.042,0.41207184076627,0.179270008118836,1.14930502065107,0.0832691823742736,0.887148403927835,5.68004869412101e-12,8.45518426859581e-12,0.999996733191124,-1
0.04,0.411600982751372,0.17939476131486,1.14719342899027,0.0830093844557738,0.889526654627643,5.69292538563411e-12,8.47417656916726e-12,0.999996719217969,-1
0.038,0.411133481883504,0.179521708048741,1.14508013084379,0.0827527889113659,0.891902084204142,5.70807076064704e-12,8.49649404699335e-12,0.999996705101531,-1
0.036,0.41066932910679,0.179650871811043,1.14296503258479,0.0824993717449531,0.894274725244854,5.72569061735417e-12,8.52232690521883e-12,0.999996690839476,-1
0.034,0.410208516222654,0.179782275930228,1.14084804550437,0.0822491094699085,0.896644609622817,5.7456678136111e-12,8.55185554018173e-12,0.999996676429357,-1
0.032,0.409751035902956,0.179915943565204,1.13872908588131,0.0820019791001087,0.899011768500139,5.76868400778325e-12,8.58562831017157e-12,0.999996661868611,-1
0.03,0.409296881703229,0.180051897697511,1.13660807505304,0.0817579581411107,0.901376232331368,5.7945262799667e-12,8.62398384893174e-12,0.99999664715456,-1
0.028,0.408846048076002,0.180190161123099,1.13448493948761,0.0815170245814556,0.903738030866698,5.8237110811726e-12,8.66702384533404e-12,0.999996632284415,-1
0.026,0.4083985303842,0.180330756443679,1.13235961085693,0.08127915688408,0.906097193154996,5.85630480992431e-12,8.71558128616839e-12,0.999996617255269,-1
0.024,0.407954324914604,0.180473706057623,1.13023202611119,0.0810443339778216,0.90845374754665,5.89266617368927e-12,8.76929189579357e-12,0.999996602064101,-1
0.022,0.407513428891369,0.180619032150375,1.12810212755456,0.0808125352490004,0.910807721696247,5.93274222677939e-12,8.82875950098107e-12,0.999996586707777,-1
0.02,0.407075840489577,0.180766756684351,1.1259698629223,0.0805837405330617,0.913159142565075,5.97714749764546e-12,8.8943618536901e-12,0.999996571183049,-1
0.018,0.406641558848813,0.180916901388302,1.12383518545909,0.0803579301062617,0.915508036423447,6.02578728383749e-12,8.96661694667856e-12,0.999996555486554,-1
0.016,0.40621058408675,0.18106948774611,1.12169805399883,0.0801350846773849,0.91785442885285,6.07888862681403e-12,9.0453510837262e-12,0.999996539614815,-1
0.014,0.405782917312729,0.181224536984981,1.11955843304585,0.0799151853794721,0.920198344747928,6.13671701910571e-12,9.13132460555617e-12,0.999996523564241,-1
0.012,0.4053585606413,0.181382070063031,1.11741629285749,0.0796982137615491,0.922539808318289,6.19963567380307e-12,9.22487905862024e-12,0.99999650733113,-1
0.01,0.404937517205731,0.181542107656206,1.11527160952813,0.0794841517803376,0.92487884309014,6.26775569917844e-12,9.32595546694426e-12,0.999996490911667,-1
0.008,0.404519791171442,0.181704670144538,1.11312436507456,0.0792729817919348,0.927215471907762,6.3411426694433e-12,9.43506862558356e-12,0.999996474301926,-1
0.006,0.404105387749345,0.181869777597683,1.11097454752288,0.0790646865434446,0.929549716934816,6.42003743910819e-12,9.5521844916176e-12,0.999996457497868,-1
0.004,0.403694313209079,0.182037449759743,1.10882215099663,0.0788592491645498,0.931881599655491,6.50475538193347e-12,9.67808087796465e-12,0.999996440495346,-1
0.002,0.403286574892102,0.182207706033318,1.10666717580638,0.0786566531590069,0.934211140875497,6.5952541057642e-12,9.81269365790496e-12,0.999996423290101,-1
0,0.402882181224611,0.182380565462787,1.10450962854048,0.0784568823960497,0.936538360722898,6.69182806304936e-12,9.95606282603774e-12,0.999996405877769,-1
