kappa,delta_kappa,Omega_real,Omega_imag,q_real,q_imag,A0_over_C,Am1_over_C,sigma_ratio,A0_real,A0_imag,Am1_real,Am1_imag
0.0850001053118085,-0.025,0.888328950510989,8.21502751110577e-07,3.32756216842769e-06,0.21930910372165,0.00165087992464835,0.0111599682630266,9.71487521549184e-16,-0.00031408862623135,-0.00162072602881518,-0.00251486798753149,-0.0108729173011225
0.0917819507031798,-0.0182181546086287,0.88880961884055,4.51076531146919e-07,2.14677430297044e-06,0.186755151280628,0.00122958929341851,0.00824075126452726,3.6115349655644e-17,-0.000202832108703888,-0.00121274439440805,-0.00163347796904254,-0.00807723536418621
0.0967240590180526,-0.0132760462937559,0.889146454320859,2.45103037608151e-07,1.3694261662892e-06,0.159141472682022,0.000909285015310106,0.00609298389750693,4.35473781163296e-16,-0.000133091655843799,-0.000899491995635456,-0.00108636052158359,-0.00599535433418438
0.10032550275297,-0.00967460255883829,0.889385141655376,1.32248854977959e-07,8.66912555764153e-07,0.135677082811028,0.000667852232131929,0.00449725614279594,5.65884267560475e-16,-8.86625148112803e-05,-0.000661940754471984,-0.000736265846333909,-0.00443657812029024
0.10294996910405,-0.00705013620775802,0.889555622374908,7.10125133290042e-08,5.45914914392986e-07,0.115713234471764,0.000489290630927568,0.00332076574100059,3.28505939082314e-16,-6.00919302200537e-05,-0.000485586533416986,-0.000508290060600626,-0.00328163470253742
0.104862486454015,-0.00513761885779307,0.889678075721686,3.79962561543781e-08,3.42454642243259e-07,0.0987121559766818,0.000357855270244571,0.00245147966515116,5.20850196071373e-11,-4.13523534474921e-05,-0.000355457982476366,-0.000356177159877064,-0.00242546704356739
0.106256187924949,-0.00374391738685921,0.889766387657414,2.02870288993824e-08,2.14316533927414e-07,0.0842245630298338,0.000261417578709323,0.00180861297546104,1.55151237327163e-11,-2.88239970643619e-05,-0.000259823647213795,-0.000252517824933143,-0.00179089799907674
0.107271814679979,-0.00272829063182937,0.889830261977241,1.08132037981954e-08,1.3387399509388e-07,0.0718729276870695,0.000190812894042883,0.00133318337423536,4.58292320071212e-12,-2.03020685551158e-05,-0.000189729772427534,-0.000180624349820686,-0.00132089089390057
0.108011928489891,-0.00198817682191763,0.889876557387508,5.75661309069486e-09,8.35146101713909e-08,0.0613386691124644,0.000139198837899483,0.000981771564418355,1.3438167223098e-12,-1.44183752030415e-05,-0.000138450088223413,-0.000130052869550626,-0.000973119548576696
0.108551268802569,-0.00144883650923949,0.889910162182469,3.06204321506544e-09,5.20503048763767e-08,0.0523521116850432,0.000101506654029244,0.000722255160723999,3.91613077337233e-13,-1.03057226391148e-05,-0.000100982141456291,-9.40872447801058e-05,-0.0007161006267014
0.10894430021069,-0.00105580510111804,0.889934581559382,1.62778695629017e-09,3.24189664677957e-08,0.0446844567131077,7.40009934714094e-05,0.000530806505097915,1.13557401191856e-13,-7.40235405735947e-06,-7.36298321956873e-05,-6.82966254402169e-05,-0.000526394449826118
0.109230712489059,-0.00076939282274989,0.889952340101523,8.64798201788069e-10,2.01783876268447e-08,0.0381412627029223,5.39388781551887e-05,0.000389732920570858,1.20950206147347e-12,-5.33666685607101e-06,-5.36742262497338e-05,-4.968990024341e-05,-0.000386552277435395
0.109439428615823,-0.000560676695985069,0.889965261972576,4.5943400818061e-10,1.25588733440912e-08,0.0325570850383599,3.93109554255775e-05,0.0002858982095243,4.59311721583682e-13,-3.85812198693518e-06,-3.91211721604257e-05,-3.62077586900996e-05,-0.000283596164324978
0.109591525522492,-0.000408579789316444,0.889974668320015,2.4402891574739e-10,7.81473656924652e-09,0.0277910267900068,2.86477669410352e-05,0.000209556801038424,1.77019539544149e-13,-2.7949871212436e-06,-2.85110960452234e-05,-2.64093649292078e-05,-0.000207886022390861
0.109702362520939,-0.000297742790869116,0.889981517604295,1.29598482937296e-10,4.86195518508849e-09,0.0237230188541218,2.08759397565366e-05,0.000153487164606392,6.46059006915299e-14,-2.02791515702059e-06,-2.0777209168569e-05,-1.92737497082703e-05,-0.000152272230794365
0.109783132343902,-0.000216972967906326,0.889986506018887,6.88208252423467e-11,3.02456839583817e-09,0.020250692919708,1.52120608687669e-05,0.000112345588841798,2.41347960664422e-14,-1.47303304504187e-06,-1.51405736193608e-05,-1.40704538901818e-05,-0.000111460996135575
0.1098419914288,-0.000158113883008419,0.889990139705437,3.65439954513444e-11,1.88143003070839e-09,0.0172867420453001,1.10846692728628e-05,8.21837305062237e-05,8.33223377861188e-15,-1.07087569706705e-06,-1.10328200443123e-05,-1.02731498353564e-05,-8.15391191538143e-05
0.109884883585152,-0.00011522172665672,0.8899927868729,1.94043230222427e-11,1.17029713960663e-09,0.0147566860923479,8.07707374812929e-06,6.0088531904705e-05,3.27737646939816e-15,-7.78993973737808e-07,-8.03942091954386e-06,-7.50067324549658e-06,-5.96185505302422e-05
0.109916140222588,-8.39650892202112e-05,0.889994715512024,1.03032624703645e-11,7.27940528384353e-10,0.0125969757055704,5.88551636595999e-06,4.39137774120633e-05,1.7743662014079e-15,-5.66927033904638e-07,-5.85814788411926e-06,-5.47601882822102e-06,-4.35710117439245e-05
0.109938917752723,-6.11875590856443e-05,0.889996120738716,5.470768458829e-12,4.52784360713718e-10,0.0107533809209811,4.28860405600135e-06,3.20802960334193e-05,9.15344979062679e-16,-4.12730313662088e-07,-4.268697510639e-06,-3.99740550852658e-06,-3.18302708564068e-05
0.109955516335347,-4.45889764618748e-05,0.889997144645928,2.90484275911679e-12,2.81634942579497e-10,0.00917962003429169,3.12499391089564e-06,2.34275350329691e-05,1.26744092712691e-15,-3.00547757062225e-07,-3.11050767381463e-06,-2.91762783304269e-06,-2.32451467095575e-05
0.109967612157128,-3.24931546809176e-05,0.889997890731217,1.54240917379209e-12,1.75179593780512e-10,0.00783619188567926,2.27711404774856e-06,1.71035107679554e-05,2.71047504490554e-16,-2.18897307928019e-07,-2.26656840952037e-06,-2.12919801419482e-06,-1.69704624688285e-05
0.109976426699181,-2.36786126279617e-05,0.889998434389849,8.18994830680125e-13,1.08964363766601e-10,0.00668938074690164,1.6592927446206e-06,1.24833692789069e-05,9.26774947260442e-17,-1.5945071099337e-07,-1.65161372091487e-06,-1.5535913794603e-06,-1.23863175471656e-05
0.109982850086778,-1.72552250309614e-05,0.889998830562839,6.40174777054109e-12,9.97748330199142e-10,0.0057104059780312,1.20907410584379e-06,9.10907804715692e-06,7.17076693349733e-11,-1.16171720882901e-07,-1.20348008902893e-06,-1.1334832079071e-06,-9.03828073731884e-06
0.109987530977512,-1.25743342968294e-05,0.889999119240321,3.39975394466407e-12,6.20709737855869e-10,0.00487470685869508,8.81047656551959e-07,6.6457289879645e-06,3.8064078874559e-11,-8.46352025775245e-08,-8.76973121367103e-07,-8.26816175074183e-07,-6.59409499431934e-06
0.109990942065156,-9.16324665280877e-06,0.889999329603342,1.80547124938202e-12,3.86144676214781e-10,0.0041613112922327,6.42018454461546e-07,4.84773043841178e-06,2.02058769561411e-11,-6.16636515400073e-08,-6.39050303143614e-07,-6.03046216018282e-07,-4.81007543234512e-06
0.109993427814039,-6.67749776951478e-06,0.889999482898357,9.58798882255114e-13,2.40217827969732e-10,0.00355231964514348,4.6783992788673e-07,3.53567349107106e-06,1.07274833518169e-11,-4.49291317515097e-08,-4.65677539983534e-07,-4.39789400653691e-07,-3.50821497610042e-06
0.109995239244338,-4.86606747055173e-06,0.889999594607373,5.09170800615481e-13,1.49437410236233e-10,0.00303245221807125,3.40917009242661e-07,2.57841324235893e-06,5.69426938100768e-12,-3.27372525777496e-08,-3.393415381067e-07,-3.20698036021554e-07,-2.5583916076441e-06
0.109996559281028,-3.54603078058121e-06,0.889999676012087,2.70390125461108e-13,9.29618398287989e-11,0.00258866567723311,2.48428589892484e-07,1.88012697190178e-06,3.02301346976182e-12,-2.38543732425424e-08,-2.47280676869773e-07,-2.33835223609365e-07,-1.86552901844815e-06
0.109997521226328,-2.58408548030338e-06,0.889999735337088,1.857898351396e-12,7.48262693243933e-10,0.0022098242448212,1.81023404104651e-07,1.37078378983843e-06,2.22293192453769e-11,-1.73854945955161e-08,-1.8018661829144e-07,-1.7050181542138e-07,-1.36013871697773e-06
0.109998222221056,-1.88309075208318e-06,0.889999778564131,1.35389911075544e-12,6.38757893709166e-10,0.0018864266424536,1.31916104099223e-07,9.99391792027582e-07,1.18233407165259e-11,-1.26688765497975e-08,-1.31306352046209e-07,-1.24304215375826e-07,-9.91631189511454e-07
0.10999873305427,-1.37225753854121e-06,0.889999810065156,9.86621698048196e-13,5.45278617335474e-10,0.00161035679000195,9.61302355131619e-08,7.2857215142047e-07,6.64562758515677e-12,-9.23190892709977e-09,-9.56859134741249e-08,-9.06181872323621e-08,-7.22914741839018e-07
0.109999105311808,-1e-06,0.889999833020961,7.18977046866184e-13,4.65479602603023e-10,0.00137468848920224,7.00521913501869e-08,5.31109209241333e-07,4.08785293022237e-12,-6.72739317134491e-09,-6.97284138216362e-08,-6.60573765637331e-08,-5.26985213400216e-07
0.110000105311808,0,0.889999894688192,0,0,0,0,0,0,0,0,0,0
0.110001105311808,1e-06,0.889999956356124,1.84864508535987e-13,0.0013746882188733,1.19684887285696e-10,7.00483053675856e-08,5.32151961179435e-07,4.01422147466751e-12,6.73090407098715e-09,6.97241709542515e-08,6.51407585033824e-08,5.28149970527996e-07
0.110001477569347,1.37225753854121e-06,0.889999979312762,2.53681708903764e-13,0.00161035647332945,1.4020294227748e-10,9.61253352233712e-08,7.30252388761286e-07,7.43519127867172e-12,9.23810044545753e-09,9.56803928292789e-08,8.91468604242906e-08,7.24790582560271e-07
0.110001988402561,1.88309075208318e-06,0.890000010815435,3.48116625111179e-13,0.00188642627149268,1.64238488827251e-10,1.31910637050085e-07,1.00209971649554e-06,1.38685204558587e-11,1.26795607613505e-08,1.31299828278099e-07,1.21941543133035e-07,9.946527544117e-07
0.110002689397289,2.58408548030338e-06,0.89000005404569,4.77705639896591e-13,0.00220982381026498,1.92394544465931e-10,1.81018985050496e-07,1.37514901208292e-06,2.59725188788799e-11,1.74036358643567e-08,1.8018042737049e-07,1.66706389389511e-07,1.36500688099706e-06
0.110003651342589,3.54603078058121e-06,0.890000113360775,-2.21821208867665e-13,0.00258865962766776,-7.62637540014913e-11,2.48389536433673e-07,1.8869696251372e-06,2.72738867441329e-12,2.38887420608263e-08,2.4723812370362e-07,2.27750006208514e-07,1.87317492532397e-06
0.110004971379279,4.86606747055173e-06,0.890000194762379,-4.16840242648549e-13,0.00303244249309996,-1.22339631497103e-10,3.40856076861485e-07,2.58938920662827e-06,5.13675185325413e-12,3.27909585317623e-08,3.39275136389289e-07,3.10898779997366e-07,2.5706571945709e-06
0.110006782809578,6.67749776951478e-06,0.890000306465537,-7.83006123611698e-13,0.00355230401169663,-1.96175689829533e-10,4.67745453725391e-07,3.55327293723704e-06,9.67274011621775e-12,4.50124903969439e-08,4.65574575324981e-07,4.24004131725284e-07,3.52788450247184e-06
0.110009268558461,9.16324665280877e-06,0.890000459749518,-1.47016310682944e-12,0.00416128616037125,-3.14433035979495e-10,6.41873129307346e-07,4.87593797351592e-06,1.82148900851911e-11,6.17919542231024e-08,6.38891906757391e-07,5.77608775143394e-07,4.84160502565543e-06
0.110012679646105,1.25743342968294e-05,0.890000670091757,-2.75894965577403e-12,0.00487466645729029,-5.03720011184774e-10,8.80826369463198e-07,6.69091541675376e-06,3.43046291435956e-11,8.4830591237403e-08,8.76731922500847e-07,7.85806960459206e-07,6.64461108982663e-06
0.110017360536839,1.72552250309614e-05,0.890000958730092,-5.17432810054323e-12,0.00571034102917886,-8.06459184615415e-10,1.2087415939833e-06,9.18141965466086e-06,6.46061409280342e-11,1.16465180722383e-07,1.20311765954316e-06,1.06733715481844e-06,9.11916982367018e-06
0.110023783924436,2.36786126279617e-05,0.890001354785464,1.17606712027734e-12,0.00668927049705461,1.56474660551752e-10,1.65869316836303e-06,1.25985701389228e-05,1.38476474352713e-16,1.59873799566868e-07,1.65097044037325e-06,1.44677901363393e-06,1.25152227319798e-05
0.110032598466489,3.24931546809176e-05,0.890001898266417,2.33007573961409e-12,0.00783601464496242,2.64646242423021e-10,2.27620252343945e-06,1.72875059620745e-05,8.3206011651042e-16,2.19500793509339e-07,2.26559425523656e-06,1.95668828426096e-06,1.71764150318685e-05
0.11004469428827,4.45889764618748e-05,0.890002644016982,4.64234885917022e-12,0.00917933509357048,4.50109154638521e-10,3.12362710964328e-06,2.37210714651857e-05,2.39789389254986e-16,3.01373069496503e-07,3.10905461403956e-06,2.63880041011854e-06,2.35738406682493e-05
0.110061292870894,6.11875590856443e-05,0.890003667293571,9.30332000789605e-12,0.0107529228296706,7.70022165711644e-10,4.28659234742319e-06,3.25479575434342e-05,1.06595971779001e-15,4.1378365628091e-07,4.26657439156776e-06,3.54634589173263e-06,3.23541801173416e-05
0.110084070401029,8.39650892202112e-05,0.890005071332064,1.87566479619785e-11,0.0125962392320284,1.32527744986809e-09,5.88263170442571e-06,4.46576641974141e-05,1.4010928865001e-15,5.68104555418559e-07,5.85513560765481e-06,4.74561878617545e-06,4.44047978703349e-05
0.110115327038465,0.00011522172665672,0.890006997732203,3.80484179881129e-11,0.0147555020392834,2.29496483223046e-09,8.0730941117806e-06,6.12695519102789e-05,3.92618544591048e-15,7.79914232708665e-07,8.03533336752652e-06,6.31661582512609e-06,6.09430747157061e-05
0.110158219194817,0.000158113883008419,0.890009640680143,7.76594727387623e-11,0.0172848383578512,3.99874606847222e-09,1.10795099629387e-05,8.40545222229493e-05,6.92803610197549e-15,1.07052132455917e-06,1.1027670883397e-05,8.3512484061792e-06,8.36386235909378e-05
0.110217078279715,0.000216972967906326,0.890013266413635,1.59477976369538e-10,0.0202476321376238,7.0100796826481e-09,1.52060982500989e-05,0.000115301016108077,2.12211054145092e-14,1.46900697650979e-06,1.51349741491231e-05,1.09465282819815e-05,0.000114780215342744
0.110297848102678,0.000297742790869116,0.890018239835714,3.29448010803302e-10,0.0237180975109166,1.23624898058361e-08,2.08707437715657e-05,0.000158140969152033,5.86972109340606e-14,2.01492890656202e-06,2.07732522027691e-05,1.4188075849997e-05,0.000157503221008394
0.110408685101125,0.000408579789316444,0.890025060851897,6.84451565357226e-10,0.027783113592865,2.19262338640002e-08,2.86476779549824e-05,0.000216856435641885,1.42056002489739e-13,2.76183493444666e-06,2.85142371458058e-05,1.81157942132911e-05,0.000216098430534154
0.110560782007794,0.000560676695985069,0.890034413888517,1.4296002090107e-09,0.0325443605450959,3.90972003385538e-08,3.93263707437028e-05,0.000297293907422945,3.8447232899336e-13,3.78169396255044e-06,3.91441212271367e-05,2.26576251643238e-05,0.000296429248578334
0.110769498134558,0.00076939282274989,0.890047235194056,3.00058053460743e-09,0.0381208004732786,7.00577735946675e-08,5.39929498169473e-05,0.000407420820309033,9.9148218219222e-13,5.17020859246898e-06,5.37448376408911e-05,2.75073875811463e-05,0.000406491166508875
0.111055910412927,0.00105580510111804,0.8900648039697,6.32556002278008e-09,0.0446515492882978,1.2609099642484e-07,7.41430579299696e-05,0.000558066789613578,1.31065845127991e-13,7.05260243995282e-06,7.38068685017241e-05,3.19063004541195e-05,0.000557153955079686
0.111448941821048,0.00144883650923949,0.890088865123099,1.33829295926564e-08,0.0522991857034427,2.27766387811383e-07,0.000101838830795426,0.000763899188007038,4.68344580200911e-13,9.58863804875677e-06,0.000101386416635313,3.42611130039334e-05,0.000763130490528025
0.111988282133726,0.00198817682191763,0.890121793389202,2.83941342315055e-08,0.0612535386632308,4.12616776686781e-07,0.000139928215500297,0.00104468514394588,1.68285054307187e-12,1.29737984670299e-05,0.000139325468046709,3.14890331620448e-05,0.00104421046287219
0.112728395943638,0.00272829063182937,0.890166810422891,6.03531695562458e-08,0.0717359813083399,7.48918289858947e-07,0.000192353157480494,0.00142688296552546,6.04542263884837e-12,1.74298352909405e-05,0.000191561838669518,1.79134990459447e-05,0.00142677051548546
0.113744022698668,0.00374391738685921,0.890228267469491,1.28362108726043e-07,0.0840042314483418,1.3603073998741e-06,0.00026458575262186,0.00194557181658633,2.17738168181127e-11,2.31702275107225e-05,0.00026356927181972,-1.65638699122864e-05,0.00194550130601564
0.115137724169602,0.00513761885779307,0.890312004762708,2.72760177786514e-07,0.0983576059227822,2.46896677106183e-06,0.000364250810914002,0.00264664629963806,7.86028624604608e-11,3.03107127330738e-05,0.000362987484557141,-8.94268623126502e-05,0.00264513505736187
0.117050241519567,0.00705013620775802,0.890425791667482,5.77951418723568e-07,0.115142583285455,4.46943984473976e-06,0.000502023407743826,0.0035890357747986,7.2517818932151e-16,3.86642362469975e-05,0.000500532295419747,-0.00023022388144217,0.00358164414161959
0.119674707870647,0.00967460255883829,0.890579832259266,1.21821106014399e-06,0.134758367931799,8.05081137631835e-06,0.00069293606282555,0.00484639975498667,2.92635497230641e-16,4.72976973533763e-05,0.000691319980175058,-0.000487698630910115,0.0048217984850617
0.123276151605564,0.0132760462937559,0.890787279610486,2.54623034947594e-06,0.157661889411419,1.43861627863192e-05,0.000958303635608752,0.00650725118467076,7.07546464898779e-17,5.36049251844428e-05,0.000956803203389768,-0.000940117353781804,0.00643898263249074
0.128218259920437,0.0182181546086287,0.891064618454458,5.25588116364397e-06,0.184371235671016,2.54016290918672e-05,0.00132858073978656,0.00867169851136702,3.78666787625769e-16,5.14024530343553e-05,0.00132758599343088,-0.00170910821565326,0.00850160597647477
0.135000105311809,0.025,0.891431628648933,1.06581291375168e-05,0.215465850138465,4.40951241660877e-05,0.00184762541413037,0.011442044945867,2.58715152890705e-15,2.70619830430041e-05,0.00184742721643214,-0.00297586380663965,0.0110482861633637
