kappa,delta,Omega_real,Omega_imag,Q,sigma_ratio,raw_residual,A0_over_C,Am1_over_C,flux_0,flux_m1,ky_0_real,ky_0_imag,ky_m1_real,ky_m1_imag,is_m1_open,is_m1_threshold
0.0850001053118085,-0.025,0.888364334020864,7.04928105279808e-07,630109.884516694,1.23116203318966e-16,1.38319814072408e-13,0.0015897283338283,0.0220426435251959,2.51564119679669e-06,0,5.55614858449265,4.44960875213205e-06,-1.7953253441749e-05,-1.377058896312,0,0
0.0888826779731045,-0.021117427338704,0.888628896595069,5.27933841406693e-07,841610.090979673,2.83117325790181e-16,1.12659590123592e-13,0.00136654290585431,0.0175609537223358,1.85807467562716e-06,0,5.55542028517126,3.33382462321077e-06,-1.46519235050047e-05,-1.26405225448129,0,0
0.0921622758155908,-0.0178378294962177,0.888849828779537,3.91147271185854e-07,1136208.65369299,2.06330055044547e-16,1.22236077557277e-13,0.00117066837653028,0.0141092984951156,1.36307759604012e-06,0,5.55470587114993,2.47096939957768e-06,-1.18269802414658e-05,-1.16052516796671,0,0
0.0949325425811458,-0.0150675627306627,0.889034418023126,2.87511326631557e-07,1546085.90283891,3.46655387313677e-16,1.02233019566646e-13,0.00100025438112283,0.0114148967704626,9.94788414767323e-07,0,5.55403020431871,1.81687493095014e-06,-9.46938821291211e-06,-1.0656420475197,0,0
0.0972725788663631,-0.0127275264454453,0.88918877444811,2.10075474357442e-07,2116355.50786658,2.7301110410105e-16,1.13727521011882e-13,0.000852434238848738,0.00928300333900253,7.22283093415651e-07,0,5.55340719429451,1.32791275467122e-06,-7.53533765845547e-06,-0.978647617324972,0,0
0.0992492007152835,-0.010750904596525,0.88931797842012,1.52794740241229e-07,2910172.0943276,3.98229303030093e-16,1.0571772305939e-13,0.000724782656231082,0.00758030760274892,5.22028310333846e-07,0,5.55284322263605,9.66072681564549e-07,-5.96806832762775e-06,-0.898858700656307,0,0
0.10091884744611,-0.00908125786569823,0.889426239033628,1.10737907822717e-07,4015906.82233918,1.51213473769341e-13,3.21476248489454e-12,0.000615582565325724,0.00621639296767861,3.76494680862119e-07,0,5.55233969184731,7.00309406676235e-07,-4.70941059121887e-06,-0.825656552969218,0,0
0.102329193186892,-0.00767091212491665,0.889517040199461,8.00327623886783e-08,5557205.65959932,4.66695143793842e-14,9.97953629764978e-13,0.000522377618144482,0.00511636977652664,2.71066728322994e-07,0,5.55189485838874,5.06221496231646e-07,-3.70542227686067e-06,-0.758479955087724,0,0
0.103520508135028,-0.00647959717678043,0.889593266956256,5.77126577974557e-08,7707089.75211564,1.36992939511407e-14,3.15151645918021e-13,0.00044296686770881,0.00422403373712863,1.94886553985141e-07,0,5.55150511588398,3.65099765973906e-07,-2.90872226836232e-06,-0.696819094988176,0,0
0.104526808409219,-0.00547329690258928,0.889657311357734,4.15428690422013e-08,10707701.8495518,5.5883148264902e-15,1.56929687012804e-13,0.000375405578065877,0.00349659487382648,1.39953262436911e-07,0,5.55116587150685,2.6284200478568e-07,-2.2790633353429e-06,-0.640210188079384,0,0
0.105376827326065,-0.00462327798574331,0.889711159873494,2.98601427143002e-08,14897972.3303098,4.55323756410551e-15,1.60922136752623e-13,0.000317992250305575,0.00290106974222922,1.00407323065169e-07,0,5.55087212879828,1.88946752059584e-07,-1.783006492657e-06,-0.588230757517644,0,0
0.106094835834586,-0.00390526947722256,0.889756465000781,2.14374612548566e-08,20752374.8829915,2.53768291333818e-15,1.2956697303519e-13,0.000269248888954146,0.00241175917422001,7.19777433177012e-08,0,5.55061886272427,1.35663442823327e-07,-1.39319583132257e-06,-0.540495490861777,0,0
0.106701335534876,-0.00329876977693224,0.889794603773406,1.53756322100847e-08,28935220.0812205,2.08588387527515e-15,1.14293760638884e-13,0.000227898582135465,0.00200845134646905,5.15629778712464e-08,0,5.55040125022637,9.73101419303047e-08,-1.08750128275224e-06,-0.496652594342475,0,0
0.107213644068949,-0.00278646124285917,0.889826725554945,1.10190568931494e-08,40376718.9054153,1.55907105178992e-15,1.08196211913837e-13,0.000192842731594603,0.00167511981172422,3.69173931592576e-08,0,5.55021480200893,6.97428701792879e-08,-8.4816911978751e-07,-0.456380574785188,0,0
0.107646389598681,-0.00235371571312773,0.8898537911292,7.89163619568581e-09,56379549.7577337,3.59231535754755e-16,1.18350729258694e-13,0.000163139230660785,0.00139896576997719,2.64189538874838e-08,0,5.55005542815989,4.9951453207289e-08,-6.61046716001428e-07,-0.419385388818708,0,0
0.108011928489891,-0.00198817682191763,0.889876604740589,5.64870713897774e-09,78768166.1348823,2.7120863240604e-16,1.33347326542773e-13,0.000137982263309506,0.00116970390675326,1.88983353824139e-08,0,5.54991946053709,3.57562449774264e-08,-5.14907516808081e-07,-0.385397908086696,0,0
0.108320698128875,-0.00167940718293363,0.889895840422697,4.04138081841118e-09,110097993.780817,2.88670159120625e-16,9.46583863695834e-14,0.000116684021661369,0.000979023282979635,1.35139202390205e-08,0,5.54980364785219,2.55829764643704e-08,-4.00880457834323e-07,-0.354171657236427,0,0
0.108581514945501,-0.00141859036630794,0.889912063691453,2.89029050462797e-09,153948549.854507,2.20232509305676e-16,1.06407202440206e-13,9.86584160329482e-05,0.000820175841166951,9.66075845097562e-09,0,5.54970513437436,1.82969380676384e-08,-3.11977280283579e-07,-0.325480788360624,0,0
0.108801826152453,-0.00119827915935574,0.889925749466885,2.06638316344882e-09,215334156.125621,4.04022905728729e-16,1.22057982532545e-13,8.3406722758202e-05,0.00068765916739655,6.9044935993607e-09,0,5.5496214296246,1.30816042286713e-08,-2.42706516244886e-07,-0.299118261365724,0,0
0.108987922388641,-0.00101218292316712,0.889937296917033,1.47692996946245e-09,301279449.709094,7.04267151464797e-17,9.53629611194479e-14,7.05050446610326e-05,0.000576969705446676,4.93354285835436e-09,0,5.54955037393828,9.35020753014503e-09,-1.88761519287033e-07,-0.274894204556667,0,0
0.10914511733847,-0.000854987973338348,0.889947041781952,1.05537547307131e-09,421625793.136949,3.85000111175651e-16,1.1652339406436e-13,5.95934249271789e-05,0.000484409210097826,3.5245667552756e-09,0,5.54949010303954,6.68155913142287e-09,-1.4677035797808e-07,-0.252634433706583,0,0
0.109277899455711,-0.000722205856097534,0.889955266627933,7.5399321501818e-10,590161323.007711,2.79459888044117e-16,1.20945755697655e-13,5.03664431063911e-05,0.000406931837521969,2.51758186196846e-09,0,5.54943901357787,4.77360268361736e-09,-1.14096469900479e-07,-0.232179111158241,0,0
0.109390060124219,-0.000610045187589047,0.889962209396368,5.38584729913386e-10,826204457.689963,7.91003461781455e-16,9.495856284568e-14,4.25651232219873e-05,0.000342022540023142,1.79805118987998e-09,0,5.5493957307667,3.40988429409373e-09,-8.86805779977299e-08,-0.213381529206278,0,0
0.109484801914919,-0.000515303396889509,0.88996807054341,3.84660475795439e-10,1156822869.18489,2.93727548798016e-16,8.38022194661095e-14,3.59699926625538e-05,0.000287599779307041,1.28401244105955e-09,0,5.54935907872169,2.43539213714118e-09,-6.89157713614248e-08,-0.196107004238753,0,0
0.10956483003016,-0.000435275281648062,0.889973019011987,2.74692661540187e-10,1619943201.28895,3.41072893214166e-16,9.90910667527986e-14,3.03951432668058e-05,0.000241937277411997,9.16836891372094e-10,0,5.54932805374159,1.73917480488192e-09,-5.35490839487417e-08,-0.180231869966818,0,0
0.109632429546507,-0.000367675765301474,0.889977197233965,1.96141824990304e-10,2268708362.62985,1.44666578767518e-16,1.33972977452386e-13,2.5683160358324e-05,0.000203600776060685,6.54600787916316e-10,0,5.54930180054848,1.24185383633429e-09,-4.16041731451833e-08,-0.165642559604282,0,0
0.10968953066149,-0.00031057465031825,0.889980725324964,1.40040443137593e-10,3177584651.20871,4.28515335780449e-16,1.09832226357155e-13,2.17008002231011e-05,0.000171396704156223,4.67334275984409e-10,0,5.54927959136714,8.86660185824091e-10,-3.23206408991468e-08,-0.152234768147847,0,0
0.109737763807355,-0.000262341504453562,0.889983704605787,9.99775197805948e-11,4450919099.40803,3.23654628424346e-17,1.21868419448141e-13,1.83353107107649e-05,0.00014433034870936,3.33618220206928e-10,0,5.54926080764529,6.33007730411e-10,-2.51065508426448e-08,-0.139912686984455,0,0
0.10977850620548,-0.000221599106328975,0.889986220561198,7.13709459370138e-11,6234933619.53355,4.98980999767572e-17,1.22605494608988e-13,1.54913029292208e-05,0.000121571650525879,2.38147833858622e-10,0,5.54924492417796,4.51887760719363e-10,-1.95012748832244e-08,-0.128588303969153,0,0
0.10981292119076,-0.000187184121048955,0.889988345327906,5.09465632736775e-11,8734527788.9209,5.70872509453398e-16,9.65126563014057e-14,1.30880940541692e-05,0.000102427146798922,1.69989254493455e-10,0,5.54923149538687,3.22571583821007e-10,-1.51464954927699e-08,-0.118180762890718,0,0
0.1098419914288,-0.000158113883008419,0.889990139788033,3.63651971127595e-11,12236839209.5936,6.69478393534758e-16,1.08441628984671e-13,1.10574521571229e-05,8.63168910002079e-05,1.21332467145331e-10,0,5.54922014350872,2.30249620839215e-10,-1.17635381373555e-08,-0.108615776909739,0,0
0.109866546974382,-0.000133558337426825,0.889991655331653,2.59559848619209e-11,17144247464.8174,9.20414843259806e-16,1.30869874256098e-13,9.34168352899782e-06,7.27554188914458e-05,8.65995631200594e-11,0,5.54921054845932,1.64343291336189e-10,-9.13573446873974e-09,-0.0998250911267026,0,0
0.109887288972365,-0.000112816339443564,0.889992935341437,1.85255976088226e-11,24020626868.1338,8.65305226696e-17,1.3399406242616e-13,7.89201141825075e-06,6.13360155783602e-05,6.18072684753643e-11,0,5.54920243915872,1.17297283425019e-10,-7.09465745325129e-09,-0.0917459899336671,0,0
0.109904809677776,-9.52956340327206e-05,0.889994016443735,1.32218460927291e-11,33656193325.876,2.00767216137983e-16,1.06089246175369e-13,6.6672024702509e-06,5.1717684481481e-05,4.41113515975757e-11,0,5.54919558612257,8.37160808781965e-11,-5.50939575114127e-09,-0.0843208452397952,0,0
0.109919609366713,-8.04959450952682e-05,0.889994929563233,9.43623669895711e-12,47158361853.1737,1.41556922293648e-16,1.33348991545842e-13,5.63240348018398e-06,4.36143342265799e-05,3.14810851838401e-11,0,5.5491897951464,5.97470568037193e-11,-4.2782176426967e-09,-0.0774967020369366,0,0
0.109932110620944,-6.79946908643852e-05,0.889995700812283,6.73432585008729e-12,66079049382.556,6.18990798991036e-16,1.50408019245284e-13,4.7581566258037e-06,3.67857911434639e-05,2.24666793179488e-11,0,5.5491849019295,4.26395463999916e-11,-3.32207884296755e-09,-0.0712248981112658,0,0
0.109942670394059,-5.74349177498517e-05,0.889996352241019,4.80595875607769e-12,92593007702.7311,5.36056052796415e-16,1.08153061270343e-13,4.01956603779312e-06,3.10303179405463e-05,1.6033159523859e-11,0,5.54918076750426,3.04298022712615e-11,-2.57956964751545e-09,-0.0654607150015438,0,0
0.109951590203717,-4.85151080914773e-05,0.889996902470202,3.42970602108662e-12,129748278277.831,2.34141889763987e-16,9.701483612931e-14,3.39559262719729e-06,2.61783777817748e-05,1.14417222086351e-11,0,5.54917727435429,2.17158347765014e-11,-2.00297361370336e-09,-0.0601630575714819,0,0
0.10995912474101,-4.09805707980457e-05,0.889997367225215,2.44752123377198e-12,181816066587.01,4.26179718331109e-16,1.4342083246103e-13,2.86845756651195e-06,2.20874300780445e-05,8.16500842422069e-12,0,5.54917432312046,1.54969616694675e-11,-1.55523371907512e-09,-0.055294159795951,0,0
0.109965489142763,-3.46161690450538e-05,0.88999775978673,1.74657631924466e-12,254783529920.875,1.04472490230274e-16,1.19835918000083e-13,2.42313778035509e-06,1.86375826062348e-05,5.82660542678195e-12,0,5.54917182980777,1.10588010427162e-11,-1.2075563734783e-09,-0.0508193145806722,0,0
0.109970865134426,-2.92401773821286e-05,0.889998091371094,1.24636360757283e-12,357037900482.458,2.4484142381079e-16,1.56236381382747e-13,2.04693931878417e-06,1.57279553794304e-05,4.15785175602834e-12,0,5.5491697234183,7.8916090744595e-12,-9.37594561107846e-10,-0.0467066256157672,0,0
0.109975406218959,-2.46990928495167e-05,0.889998371451442,8.89392067901857e-13,500340852797.92,4.37953891643806e-16,1.00007131056856e-13,1.72913663960008e-06,1.32736370918037e-05,2.96699910471898e-12,0,5.54916794394637,5.63137348576661e-12,-7.27970689406929e-10,-0.0429267794463871,0,0
0.109979242059865,-2.08632519432629e-05,0.889998608028837,5.91851896408636e-13,751876114133.754,3.46128228776815e-13,7.13655921999576e-12,1.4606675324908e-06,1.12031348227588e-05,2.11719718200472e-12,0,5.54916644068145,3.74743713831887e-12,-5.27088911483698e-10,-0.0394528360461735,0,0
0.10998248218353,-1.76231282784371e-05,0.88999880786094,4.22336548347209e-13,1053660654451.88,2.48761834474712e-13,5.1245789912747e-12,1.23387587596309e-06,9.45623925545157e-06,1.51078027150562e-12,0,5.54916517077019,2.6741155909135e-12,-4.09241425812938e-10,-0.03626003665253,0,0
0.109985219106572,-1.48862052360222e-05,0.889998976655627,3.0136599551929e-13,1476608160655.37,1.79111240943888e-13,3.70415869423548e-12,1.04229287941275e-06,7.98222724568287e-06,1.07804709549356e-12,0,5.54916409800323,1.90816499064561e-12,-3.1773507945923e-10,-0.0333256267365214,0,0
0.109987530977512,-1.25743342968294e-05,0.889999119233931,2.15045092581077e-13,2069331386621.58,1.29370521162471e-13,2.67920798481781e-12,8.80453560425513e-07,6.73835983107865e-06,7.69256119377933e-13,0,5.54916319178542,1.36160567523523e-12,-2.4668933431435e-10,-0.0306286938417586,0,0
0.109989483808175,-1.06215036338347e-05,0.889999239667928,1.53449103718764e-13,2899981877049.89,9.25125845688097e-14,1.93711864478631e-12,7.43740937507746e-07,5.68861727265075e-06,5.48910207242978e-13,0,5.54916242626686,9.71597282560608e-13,-1.91529222856342e-10,-0.0281500183284944,0,0
0.10999113335856,-8.97195324861138e-06,0.889999341397117,1.09493821448134e-13,4064153253700.72,6.6824164491454e-14,1.38263414791979e-12,6.28254510113098e-07,4.80263685306253e-06,3.91677895560932e-13,0,5.54916177960771,6.93284752762862e-13,-1.48699703453613e-10,-0.0258719362787201,0,0
0.109992526728976,-7.57858283255199e-06,0.889999427326712,7.81291385576476e-14,5695694613796.53,4.78610529118637e-14,9.80819080416665e-13,5.30699119785681e-07,4.05481995821584e-06,2.79482412014617e-13,0,5.54916123335675,4.94692306413629e-13,-1.15447166246821e-10,-0.0237782135190861,0,0
0.109993703704917,-6.40160689187064e-06,0.889999499910652,5.57570584189053e-14,7981047827380.39,3.43307374798416e-14,7.16801302697127e-13,4.48291040948475e-07,3.42358109805004e-06,1.99424171180897e-13,0,5.54916077192597,3.53038480653631e-13,-8.96437071390294e-11,-0.0218539298557247,0,0
0.109994697893073,-5.407418735601e-06,0.889999561221658,3.97851983508432e-14,11185058741862.4,2.50929764674022e-13,5.17851394728629e-12,3.78678755690077e-07,2.89071675261544e-06,1.42298230265538e-13,0,5.54916038214628,2.51909055656026e-13,-6.95971026619954e-11,-0.0200853727825317,0,0
0.109995537680919,-4.56763088956002e-06,0.88999961301067,2.83822046837929e-14,15678831558826.8,1.89331474277443e-13,3.89623254822267e-12,3.19875364510838e-07,2.44087094149876e-06,1.01535790105903e-13,0,5.54916005289366,1.7970842212584e-13,-5.40213474692032e-11,-0.0184599393378288,0,0
0.109996247047272,-3.85826453681214e-06,0.8899996567565,2.02446418034533e-14,21981116420757.9,1.41676323385929e-13,2.92788969746044e-12,2.70202811739015e-07,2.06109190201832e-06,7.24498098445437e-14,0,5.54915977476977,1.28183593794105e-13,-4.19255733739735e-11,-0.0169660468593434,0,0
0.109996846246968,-3.25906484038515e-06,0.889999693708334,1.44492834307887e-14,30797364380434,1.06028741262202e-13,2.17282340281177e-12,2.28243398943528e-07,1.74045203504615e-06,5.16956425486649e-14,0,5.54915953983565,9.14889604471369e-14,-3.25585333014894e-11,-0.0155930499987127,0,0
0.10999735238921,-2.75292259835833e-06,0.889999724921341,1.03084708001159e-14,43168368140080.1,8.20471735043936e-14,1.69469143654798e-12,1.9279952066644e-07,1.46973121404218e-06,3.68866618496937e-14,0,5.54915934138485,6.52704577789788e-14,-2.52733236730177e-11,-0.0143311649542705,0,0
0.109997779926091,-2.32538571759633e-06,0.889999751286805,7.35987446656826e-15,60462970892341.3,6.16369882466099e-14,1.3040962580073e-12,1.6285949594641e-07,1.24114924576616e-06,2.63198616087982e-14,0,5.54915917375216,4.66007435715823e-14,-1.96330647455337e-11,-0.0131713997302813,0,0
0.109998141065251,-1.96424655703202e-06,0.889999773557585,5.25201579584084e-15,84729350420308.1,4.72991540350262e-14,9.74373386807159e-13,1.37568719411458e-07,1.0481404621247e-06,1.87800522394116e-14,0,5.54915903215198,3.32543516628407e-14,-1.52438013669745e-11,-0.0121054900576178,0,0
0.109998446118451,-1.65919335773693e-06,0.889999792369611,3.74772024309165e-15,118738824490727,3.69430367503248e-14,7.72993702289755e-13,1.16205269685493e-07,8.85163670088552e-07,1.34001306939198e-14,0,5.54915891254176,2.3729557766563e-14,-1.18354282638482e-11,-0.0111258404880217,0,0
0.109998703796002,-1.40151580691479e-06,0.889999808260049,2.67554288084186e-15,166321350076813,2.8566539200245e-14,5.90104708316036e-13,9.81593129478538e-08,7.47541968895288e-07,9.56137589920378e-15,0,5.54915881150668,1.69408193566274e-14,-9.19344485736194e-12,-0.0102254702633793,0,0
0.10999892145548,-1.18385632866273e-06,0.889999821682637,1.91498038052264e-15,232378313306723,2.27866344183262e-14,4.9520490046901e-13,8.29157056892189e-08,6.31327687723819e-07,6.8223023432297e-15,0,5.54915872616215,1.21251421229014e-14,-7.15945935888257e-12,-0.00939796356742726,0,0
0.109999105311808,-1e-06,0.889999833020649,1.45477238732648e-15,305889718822699,3.13278530176001e-16,1.02337196483133e-13,7.00392797505645e-08,5.33188430950228e-07,4.86788927221746e-15,0,5.54915865407155,9.2112287865124e-15,-5.91780271323392e-12,-0.00863742378923875,0,0
0.110000105311808,0,0.889999894688192,0,Inf,5.84695575170923e-16,1.28083191904701e-13,0,0,0,0,0,0,0,0,0,1
0.110001105311808,1e-06,0.889999956355377,1.59138671710508e-15,279630320772813,5.20422606313003e-16,1.30913140337858e-13,7.0046454245789e-08,5.32142846452783e-07,4.868885247964e-15,4.37391691742276e-16,5.54915786984497,1.00762369218381e-14,0.00863741778072733,6.47353535891279e-12,1,0
0.110001289168137,1.18385632866273e-06,0.889999967693241,2.09900392420051e-15,212005312956295,4.10830796470719e-15,1.30738692552629e-13,8.29249767728352e-08,6.299799399579e-07,6.82382581644604e-15,6.66986403628039e-16,5.54915779775059,1.32903342455953e-14,0.00939795581459251,7.84746846746634e-12,1,0
0.110001506827615,1.40151580691479e-06,0.889999981115626,2.96274824154317e-15,150198381461542,2.91328530435108e-15,1.35314147097578e-13,9.81713084548204e-08,7.45804687385016e-07,9.56370917605219e-15,1.01709897654237e-15,5.54915771240077,1.87593339684326e-14,0.0102254602767994,1.01803244013004e-11,1,0
0.110001764505166,1.65919335773693e-06,0.88999999700578,4.19825005875452e-15,105996544339931,1.6720814581846e-15,1.13137179245736e-13,1.16220794214242e-07,8.82924126955977e-07,1.34037051089442e-14,1.55099080341709e-15,5.54915761135828,2.65822038710641e-14,0.0111258276248094,1.32582351544675e-11,1,0
0.110002069558366,1.96424655703202e-06,0.890000015817408,5.93821361221386e-15,74938363112000.2,3.6460896188409e-15,1.7946016955018e-13,1.37588820871136e-07,1.04525325260418e-06,1.87855305723508e-14,2.36512965515803e-15,5.54915749173767,3.75991923777359e-14,0.012105473488632,1.72354960144378e-11,1,0
0.110002430697526,2.32538571759633e-06,0.89000003808763,8.3962442625397e-15,52999889608882.2,8.75465823177363e-15,2.08303025851924e-13,1.62885534335444e-07,1.23742679025215e-06,2.63282613174387e-14,3.60661978896326e-15,5.54915735012294,5.31627926931283e-14,0.0131713783877907,2.23977091190087e-11,1,0
0.110002858234407,2.75292259835833e-06,0.890000064452312,1.1901770276532e-14,37389398542132,1.91299697676515e-14,4.07688320419268e-13,1.92833263064651e-07,1.4649314861735e-06,3.68995458280264e-14,5.49978082219365e-15,5.54915718246985,7.53588585524276e-14,0.0143311374623675,2.91796901883774e-11,1,0
0.110003364376649,3.25906484038515e-06,0.890000095664222,1.68715432832409e-14,26375776084108.7,3.27527212528529e-14,6.58782701805094e-13,2.28287150255382e-07,1.73426274132684e-06,5.17154160464643e-14,8.38667765842832e-15,5.54915698399046,1.06826153115521e-13,0.0155930145880756,3.80167087182202e-11,1,0
0.110003963576345,3.85826453681214e-06,0.890000132614521,2.39505879273569e-14,18579922449376.3,5.43672055188522e-14,1.12665654401978e-12,2.70259567245723e-07,2.05310997519484e-06,7.24801706137136e-14,1.27889232478846e-14,5.54915674901627,1.5164880560982e-13,0.0169660012469494,4.96005499988575e-11,1,0
0.110004672942698,4.56763088956002e-06,0.890000176358199,3.40233972293479e-14,13079237360672.8,8.49423136055142e-14,1.75172321821976e-12,3.19949032607663e-07,2.43057610845218e-06,1.0158243351227e-13,1.95019202242372e-14,5.54915647083622,2.1542719871913e-13,0.0184598805854539,6.47587739385684e-11,1,0
0.110005512730544,5.407418735601e-06,0.890000228144193,4.83765924315627e-14,9198665960229.19,1.30316173574531e-13,2.68105547956812e-12,3.78774434788974e-07,2.87743731272624e-06,1.4236993160452e-13,2.97385655167167e-14,5.5491561415049,3.06307890001668e-13,0.0200852971057742,8.46265952673165e-11,1,0
0.1100065069187,6.40160689187064e-06,0.890000289451042,6.8842036119099e-14,6464075872997.95,1.96258027144059e-13,4.03920495439046e-12,4.48415560540727e-07,3.40645052172164e-06,1.9953461517399e-13,4.53483786391777e-14,5.54915575161536,4.35889770264925e-13,0.0218538324911863,1.10681740912557e-10,1,0
0.110007683894641,7.57858283255199e-06,0.890000362029083,9.81141922672291e-14,4535533246836.66,2.90669758493366e-13,5.99639864098007e-12,5.30861070411744e-07,4.03271739465831e-06,2.79652421146139e-13,6.91516356924878e-14,5.54915529003015,6.21233510555748e-13,0.023778088101902,1.44978906910883e-10,1,0
0.110009077265057,8.97195324861138e-06,0.890000447950503,1.39969210447562e-13,3179272231030.88,7.57500585028494e-14,1.55764086422352e-12,6.28465530091208e-07,4.77411624107987e-06,3.91940071335648e-13,1.05448913118219e-13,5.54915474356335,8.86248756925674e-13,0.0258717748530389,1.90088678546673e-10,1,0
0.110010726815442,1.06215036338347e-05,0.890000549668147,1.99918667051816e-13,2225906571889.74,1.06267145619923e-13,2.19465856204477e-12,7.44015848930183e-07,5.6518079181815e-06,5.49314440127791e-13,1.6079780569575e-13,5.54915409660114,1.26583346795067e-12,0.0281498104010343,2.49532940869655e-10,1,0
0.110012679646105,1.25743342968294e-05,0.890000670085965,2.85920463505272e-13,1556378055587.4,1.49506326773093e-13,3.07965857980981e-12,8.80812013473247e-07,6.69084477144019e-06,7.69879901208308e-13,2.45197696430348e-13,5.54915333065785,1.81037516976204e-12,0.0306284260175369,3.27997573145719e-10,1,0
0.110014991517045,1.48862052360222e-05,0.890000812641597,4.09451840655218e-13,1086819894639.37,2.11094457403101e-13,4.3581761675206e-12,1.04276068475212e-06,7.92088150701651e-06,1.07901052209027e-12,3.73895804058128e-13,5.54915242384479,2.59254506065216e-12,0.0333252817622246,4.31697106415836e-10,1,0
0.110017728440087,1.76231282784371e-05,0.890000981404514,5.87153451977665e-13,757894702319.122,2.98099888245404e-13,6.14970062004945e-12,1.2344869803618e-06,9.37702116904982e-06,1.51226967731636e-12,5.7014110836657e-13,5.54915135024361,3.7177079543352e-12,0.0362595923052239,5.68956317571128e-10,1,0
0.110020968563752,2.08632519432629e-05,0.890001181192098,8.43190407636059e-13,527758127424.193,4.20708651479928e-13,8.68381821814577e-12,1.4614666434391e-06,1.11008153072692e-05,2.11950201690162e-12,8.69383172714801e-13,5.54915007916323,5.33887197061261e-12,0.0394522637020894,7.50937944704002e-10,1,0
0.110024804404658,2.46990928495167e-05,0.890001417706953,1.2879199614335e-12,345518915910.095,3.23517515745803e-16,1.13090089800603e-13,1.73018233298999e-06,1.31414463596555e-05,2.97056823182394e-12,1.32567361900299e-12,5.54914857425885,8.15479328542629e-12,0.0429260421100486,1.05418895637261e-09,1,0
0.110029345489191,2.92401773821286e-05,0.890001697699825,1.85407615992037e-12,240012173431.444,2.53805072438397e-16,1.10478217862824e-13,2.04830970375133e-06,1.55571315325303e-05,4.16338674202776e-12,2.02142673381286e-12,5.54914679249028,1.17395629260207e-11,0.0467056758920407,1.39478889261224e-09,1,0
0.110034721480854,3.46161690450538e-05,0.890002029161616,2.67330333144159e-12,166461100521.967,7.83329736108956e-17,1.25975185386577e-13,2.42493580895763e-06,1.84167739829508e-05,5.83519906941387e-12,3.08229783041356e-12,5.54914468288221,1.69267244664835e-11,0.0508180912966168,1.8483347303139e-09,1,0
0.110041085882607,4.09805707980457e-05,0.890002421551381,3.86068388175023e-12,115264866123.654,7.03240301385056e-17,1.19715056317623e-13,2.87081962721397e-06,2.18019251436608e-05,8.17836726927133e-12,4.69986647178927e-12,5.54914218505884,2.44449590798971e-11,0.0552925841604293,2.4532865609738e-09,1,0
0.1100486204199,4.85151080914773e-05,0.890002886065745,5.58463484718606e-12,79683176288.0783,4.35972685714903e-17,1.1433114823043e-13,3.39869969731459e-06,2.58091009423137e-05,1.14625151774807e-11,7.16621309875224e-12,5.5491392275036,3.53606559117531e-11,0.0601610281022451,3.26159989315149e-09,1,0
0.110057540229558,5.74349177498517e-05,0.890003435957745,8.09196050695034e-12,54993065969.1989,2.4736028631852e-16,1.11791949905508e-13,4.02365865520606e-06,3.05525213765001e-05,1.60655669612695e-11,1.09266231133823e-11,5.54913572549466,5.12365438989238e-11,0.0654581009917194,4.3435194711249e-09,1,0
0.110068100002673,6.79946908643852e-05,0.890004086914055,1.17450176393298e-11,37888580257.8002,2.4417242388021e-16,1.43577145534796e-13,4.76355502801715e-06,3.61673490914139e-05,2.25172591668789e-11,1.66599154596095e-11,5.54913157865431,7.43670215889555e-11,0.071221531213942,5.79420830858179e-09,1,0
0.110080601256904,8.04959450952682e-05,0.890004857501205,1.7076700599292e-11,26059040279.0719,1.74532378457086e-16,1.77649074151783e-13,5.63953474314874e-06,4.28135167779386e-05,3.15601418246195e-11,2.54008633731235e-11,5.54912666803881,1.08126324242289e-10,0.0774923654284048,7.74278428659197e-09,1,0
0.110095400945841,9.52956340327206e-05,0.890005769693367,2.48720447325515e-11,17891688827.026,7.41059468630676e-17,1.22274991212784e-13,6.67663714254548e-06,5.06802490627611e-05,4.4235102822099e-11,3.87267429077225e-11,5.54912085268029,1.5748524326491e-10,0.0843152596623413,1.03647269888094e-08,1,0
0.110112921651252,0.000112816339443564,0.890006849496485,3.62894388947031e-11,12262615193.3475,8.43789034800076e-17,9.99620108756165e-14,7.90451306028966e-06,5.9991402839838e-05,6.20012820211372e-11,5.90415638987072e-11,5.54911396547502,2.29778661171882e-10,0.0917387957217901,1.38988959648419e-08,1,0
0.110133663649235,0.000133558337426825,0.890008127686208,5.30409381618641e-11,8389822640.11041,8.36693023730928e-16,1.0991300869086e-13,9.35827582051593e-06,7.10117713858669e-05,8.69042162437137e-11,9.00090654152567e-11,5.54910580829067,3.35847330481517e-10,0.0998158250604765,1.86709108615267e-08,1,0
0.110158219194817,0.000158113883008419,0.890009640680142,7.7660786689293e-11,5730109612.72458,4.84341849542729e-16,1.00781081273953e-13,1.10795099623707e-05,8.40545222194183e-05,1.21811635693835e-10,1.3721221631223e-10,5.54909614613879,4.91738241259198e-10,0.108603842406925,2.51252876418162e-08,1,0
0.110187289432857,0.000187184121048955,0.890011431568614,1.13905997733239e-10,3906780368.3743,5.70080849922255e-16,1.27634174264674e-13,1.31174671848548e-05,9.94899670313441e-05,1.70744165945742e-10,2.09157488972708e-10,5.54908470022664,7.21241254745582e-10,0.118165391621262,3.38697207106859e-08,1,0
0.110221704418137,0.000221599106328975,0.890013551332294,1.67354209899547e-10,2659071295.14853,4.87901536829062e-16,1.48905818333292e-13,1.55304846530727e-05,0.000117755894506117,2.39339193079503e-10,3.18803751135157e-10,5.54907113966253,1.05967504070391e-09,0.12856850642651,4.57360231461656e-08,1,0
0.110262446816262,0.000262341504453562,0.890016060280014,2.46297324455963e-10,1806791978.44706,6.6337390203975e-17,1.09211160266179e-13,1.83876675244209e-05,0.000139369733646027,3.35501609581524e-10,4.85889116021731e-10,5.54905507153938,1.55954618036008e-09,0.139887188837351,6.18641900902672e-08,1,0
0.110310679962127,0.00031057465031825,0.890019029745759,3.63078082633947e-10,1225657885.06032,1.93525307511799e-16,1.27862170534151e-13,2.17708856521155e-05,0.000164942856537918,4.70316892020197e-10,7.4047093610201e-10,5.54903602905945,2.29901348114778e-09,0.152201928283882,8.38183115156593e-08,1,0
0.11036778107711,0.000367675765301474,0.890022544090427,5.36091025617961e-10,830103939.032074,4.81976914890329e-16,1.15647324602526e-13,2.57771441708502e-05,0.000195197375580183,6.59332530019218e-10,1.12830912192787e-09,5.54901345728567,3.39456010691453e-09,0.165600264604066,1.1374655565841e-07,1,0
0.110435380593457,0.000435275281648062,0.890026703061474,7.92779905397575e-10,561332784.169858,2.61828478042697e-16,1.16379748912082e-13,3.05213993828995e-05,0.000230985840089202,9.24356846003483e-10,1.7190484669495e-09,5.548986696007,5.01997695523022e-09,0.180177398234555,1.54601995654147e-07,1,0
0.110515408708698,0.000515303396889509,0.890031624572181,1.17413016013461e-09,379017444.058393,6.18031397708607e-16,1.05997583121614e-13,3.61399055862091e-05,0.000273314290785467,1.29598483706432e-09,2.61864780381857e-09,5.54895495908009,7.4348159048304e-09,0.196036851072755,2.10447466173822e-07,1,0
0.110610150499398,0.000610045187589047,0.89003744797199,1.74140474047642e-09,255551574.910865,2.76006739789965e-16,1.06698729785291e-13,4.27941956941206e-05,0.000323369185634958,1.81714607967634e-09,3.98824673059961e-09,5.54891730944961,1.10270536084941e-08,0.213291181590304,2.86876410849155e-07,1,0
0.110722311167906,0.000722205856097534,0.890044337890215,2.586245606117e-09,172072663.127021,2.89484697865794e-16,1.44809236351383e-13,5.06758194826136e-05,0.000382548764502977,2.54809025384951e-09,6.07277997579718e-09,5.54887262884279,1.63770769009763e-08,0.232062757838984,3.91593699060207e-07,1,0
0.110855093285147,0.000854987973338348,0.890052488747368,3.84582262335399e-09,115716788.827242,4.35228343404773e-16,1.40433341187181e-13,6.00119889217469e-05,0.000452499468652124,3.57339608791045e-09,9.24433212329144e-09,5.54881958086447,2.43536467035983e-08,0.252484591985019,5.35216785436158e-07,1,0
0.111012288234976,0.00101218292316712,0.890062130041185,5.72554741751778e-09,77727251.6613841,3.32832866438143e-16,1.31156456963349e-13,7.1072311495957e-05,0.000535158067270849,5.01183034042088e-09,1.40677480391605e-08,5.54875656586681,3.62577962209064e-08,0.274701239903458,7.32379966378457e-07,1,0
0.111198384471164,0.00119827915935574,0.8900735325279,8.5331143335092e-09,52154084.5311668,5.81516524552126e-16,1.13559461538592e-13,8.41768311441565e-05,0.000632800157553827,7.03022459156905e-09,2.13997840127478e-08,5.54868166550339,5.40385116252688e-08,0.29886976913378,1.00325469369237e-06,1,0
0.111418695678116,0.00141859036630794,0.890087015432689,1.2729479788994e-08,34961641.4098189,2.71973512724377e-16,9.5715826453434e-14,9.97056444159046e-05,0.000748095682913557,9.86302177388851e-09,3.25386959627771e-08,5.54859257426076,8.06157728524957e-08,0.325160798087732,1.3756396258351e-06,1,0
0.111679512494742,0.00167940718293363,0.890102954835647,1.90051271850507e-08,23417442.7292388,3.39863451658986e-16,9.94521975068227e-14,0.000118110419006753,0.000884172035549896,1.3839832823117e-08,4.94494748517652e-08,5.54848651443811,1.20363892726958e-07,0.353759608752468,1.88782839843116e-06,1,0
0.111988282133726,0.00198817682191763,0.890121793389492,2.83939944652754e-08,15674472.8973951,1.68780743623199e-15,1.49692847655999e-13,0.000139928216219395,0.00104468514743625,1.94243249760508e-08,7.5102187969757e-08,5.54836012994116,1.79833676091569e-07,0.384867334168034,2.59253490713655e-06,1,0
0.112353821024936,0.00235371571312773,0.890144051530116,4.24433426367152e-08,10486262.3468316,1.86230586646806e-15,1.01626632353841e-13,0.000165798112165519,0.00123389868990678,2.72691650286344e-08,1.13978807289739e-07,5.54820935276633,2.68829404571174e-07,0.418702220574775,3.56224959756101e-06,1,0
0.112786566554668,0.00278646124285917,0.890170340337611,6.34664237580322e-08,7012923.4296501,3.02179869935898e-15,1.38785982819165e-13,0.000196481229809604,0.00145677104639127,3.82937491605111e-08,1.72829913595015e-07,5.54802923403221,4.02011190982409e-07,0.455500962190013,4.89652058967135e-06,1,0
0.113298875088741,0.00329876977693224,0.89020137618831,9.49171703067391e-08,4689359.0132928,3.63650709857851e-15,1.57937044103638e-13,0.000232884942076671,0.00171904903069124,5.37943369249132e-08,2.6180002097285e-07,5.54781372866683,6.01271902322144e-07,0.495520103917204,6.73180459883374e-06,1,0
0.113905374789031,0.00390526947722256,0.890237997300419,1.41943743832229e-07,3135883.17901717,5.00703682248488e-15,1.50652830581155e-13,0.000276092193568068,0.00202736631151912,7.56003678435272e-08,3.96093247091778e-07,5.54755541910603,8.99250048690846e-07,0.539037503690159,9.25471687330637e-06,1,0
0.114623383297552,0.00462327798574331,0.890281182206428,2.12202524017235e-07,2097715.81730602,8.65837006407508e-15,2.00153743261524e-13,0.000327397125813738,0.0023893430726866,1.06296758871165e-07,5.98425011565859e-07,5.5472451582164,1.34449786226248e-06,0.586353841334732,1.27197243897821e-05,1,0
0.115473402214398,0.00547329690258928,0.890332070070282,3.17048240283699e-07,1404095.586958,1.51873154288135e-14,3.4153639673387e-13,0.000388348491757094,0.00281368146859494,1.49540722086184e-07,9.02606609791816e-07,5.54687160459391,2.00904186892391e-06,0.637794154430613,1.74725610414585e-05,1,0
0.116479702488589,0.00647959717678043,0.890391982586282,4.73261870757468e-07,940696.935040622,2.94775601115033e-14,6.11720519765617e-13,0.000460802725703,0.00331024879670972,2.10514381660105e-07,1.35874427181631e-06,5.54642061366997,2.99936757623498e-06,0.693709373227325,2.39808697919259e-05,1,0
0.117671017436725,0.00767091212491665,0.890462446923283,7.05537733744991e-07,631052.31962344,6.12254668080787e-14,1.26040131373628e-12,0.000546989014968396,0.0038901368726061,2.96573105189863e-07,2.04070750347681e-06,5.54587443465938,4.47224470918572e-06,0.754477815648035,3.28737400673742e-05,1,0
0.119081363177507,0.00908125786569823,0.890545218777216,1.050025475329e-06,424058.863190051,1.30461144155271e-13,2.65179855946331e-12,0.000649589321568882,0.00456568175082656,4.18176821861463e-07,3.05673296167061e-06,5.54521064489916,6.65729038133547e-06,0.820506589102712,4.49918111311413e-05,1,0
0.120751009908334,0.010750904596525,0.890642304023637,1.55930843289553e-06,285588.881979486,2.82198225557677e-13,5.72037468735556e-12,0.000771837051560945,0.00535042263524837,5.90231888541648e-07,4.56426853166327e-06,5.54440072760875,9.88872892673478e-06,0.892232827376031,6.14492923531575e-05,1,0
0.122727631757254,0.0127275264454453,0.890755976668214,2.30928684290469e-06,192863.866047016,2.57728413019878e-13,5.20630694970468e-12,0.000917638991524982,0.00625897262099379,8.34030555332699e-07,6.79039499534618e-06,5.5434081638751,1.46493888111102e-05,0.970124667228645,8.37083565386235e-05,1,0
0.125067668042471,0.0150675627306627,0.890888789720674,3.40849971812118e-06,130686.352265821,3.28347128642043e-16,9.38575651127123e-14,0.00109172624787248,0.00730676702857096,1.18006309216814e-06,1.005932005813e-05,5.5421858610625,2.16304426591572e-05,1.05468183933498,0.000113664546978161,1,0
0.127837934808026,0.0178378294962177,0.891043574216376,5.0104171187451e-06,88919.1012543429,1.70167101554078e-16,1.11469451923323e-13,0.00129984124635245,0.00850964798746437,1.67210794598501e-06,1.48283929211592e-05,5.54067267284975,3.18104686786419e-05,1.14643571036056,0.000153738576812879,1,0
0.131117532650512,0.021117427338704,0.891223419854659,7.32908908643529e-06,60800.4220813839,2.96028264199778e-16,1.05195440875349e-13,0.00154896936425628,0.00988323734556676,2.37319810671607e-06,2.17336218462271e-05,5.53878867385569,4.65566295752441e-05,1.24594856571259,0.000206964669072657,1,0
0.135000105311809,0.025,0.891431628648933,1.06581291379572e-05,41819.3295047555,3.09654610725502e-16,1.00028354158374e-13,0.00184762541412963,0.0114420449458637,3.37434637361207e-06,3.16444613789599e-05,5.53642872495062,6.77483996199265e-05,1.35381186378895,0.00027705783629007,1,0
