x_m,y_m,pressure_real_pa,pressure_imag_pa,pressure_abs_pa
0,0.02,0.0840336231360356,-0.0129059445731265,0.0850188992089046
0.0001484,0.02,0.0865333298804597,-0.00609574417598664,0.0867477681399328
0.0002968,0.02,0.0885434739595981,0.00112927114182651,0.0885506749502554
0.0004452,0.02,0.0900639758685882,0.00876911943520303,0.0904898734938142
0.0005936,0.02,0.0910316288860236,0.0167322403860786,0.0925566060634261
0.000742,0.02,0.0914335141178641,0.024916321450975,0.0947676663139384
0.0008904,0.02,0.0912695917450662,0.0333213503217978,0.0971619820947423
0.0010388,0.02,0.0904888702219004,0.0418977568810781,0.0997178903993755
0.0011872,0.02,0.089053393734679,0.0506004253087416,0.102425143285666
0.0013356,0.02,0.086962908287906,0.0594292703140962,0.105329889338006
0.001484,0.02,0.0842021499788919,0.0682605370307298,0.108395124322044
0.0016324,0.02,0.0808084352946535,0.0769903564699467,0.111613252815872
0.0017808,0.02,0.076781695828373,0.0856186502002665,0.115004269818109
0.0019292,0.02,0.0721006034142132,0.0940844667758023,0.118534315289627
0.0020776,0.02,0.0667548422969971,0.102340392730282,0.122187417332086
0.002226,0.02,0.0607440744580332,0.110386050340676,0.125995724894051
0.0023744,0.02,0.0541124927826851,0.118092905366644,0.129900331689689
0.0025228,0.02,0.0469440140634415,0.125382351987695,0.133882316406443
0.0026712,0.02,0.0392385976255192,0.132254202624299,0.137952316600362
0.0028196,0.02,0.0310065451911127,0.138652393772002,0.14207706410042
0.002968,0.02,0.0222618637004059,0.144541806182759,0.146246108700333
0.0031164,0.02,0.0130043478753639,0.149921661488704,0.150484609336626
0.0032648,0.02,0.0033344752634475,0.154688533815076,0.154724468715004
0.0034132,0.02,-0.00663408032452816,0.158810015160237,0.1589485197696
0.0035616,0.02,-0.0169012461506145,0.162285808176808,0.163163524284821
0.00371,0.02,-0.0274323291381709,0.165079311829824,0.167343096290684
0.0038584,0.02,-0.0381997459321758,0.167177796828956,0.171486548574128
0.0040068,0.02,-0.0492032971603373,0.16858012867181,0.175613849779716
0.0041552,0.02,-0.0603039549190459,0.169232251516739,0.179655564712878
0.0043036,0.02,-0.0713834328862434,0.169157345017197,0.183602292643343
0.004452,0.02,-0.0824414637837943,0.168355058839224,0.187456717104438
0.0046004,0.02,-0.0934332776805011,0.166816440854453,0.191200162964023
0.0047488,0.02,-0.10433246685713,0.164553558482297,0.194841312995167
0.0048972,0.02,-0.115138205325773,0.161565131428357,0.198393795314022
0.0050456,0.02,-0.125700528071578,0.157858432528226,0.201791742838358
0.005194,0.02,-0.135923081624345,0.153507717216849,0.205035858725703
0.0053424,0.02,-0.145805366546294,0.148512685017187,0.208123094645244
0.0054908,0.02,-0.155309538874246,0.142890965739362,0.21104236767829
0.0056392,0.02,-0.164424457818222,0.136673300864261,0.213810648701016
0.0057876,0.02,-0.173148596139369,0.12985858450996,0.216434027629587
0.005936,0.02,-0.181350916825297,0.122511917028432,0.218854574654854
0.0060844,0.02,-0.188977760312473,0.114741794261635,0.221084312521486
0.0062328,0.02,-0.196028426036963,0.106548078522045,0.223113506653607
0.0063812,0.02,-0.202486264142914,0.097964642660449,0.224939454916525
0.0065296,0.02,-0.208364361396697,0.08902805449387,0.226587072859898
0.006678,0.02,-0.213660609255958,0.0797377059615378,0.228054725229792
0.0068264,0.02,-0.218286707693803,0.0701989636029999,0.229296710065223
0.0069748,0.02,-0.222241291708302,0.0605304151275685,0.230336976831099
0.0071232,0.02,-0.225523556190622,0.0507321619211355,0.231159310108974
0.0072716,0.02,-0.228144818048353,0.0408376981784808,0.231770955028521
0.00742,0.02,-0.230143337320616,0.0308737619178078,0.232204963099474
0.0075684,0.02,-0.231516711477158,0.0208404537426118,0.232452817159516
0.0077168,0.02,-0.232230674871579,0.0108573805684684,0.232484341546087
0.0078652,0.02,-0.232332566321432,0.00102867531043543,0.232334843590877
0.0080136,0.02,-0.231821603971218,-0.00864531836006467,0.231982752801442
0.008162,0.02,-0.230733820297512,-0.0181492049781618,0.231446515355976
0.0083104,0.02,-0.229125182929776,-0.0274797158472005,0.230767164552599
0.0084588,0.02,-0.226993353759701,-0.0366360193751079,0.229930816913979
0.0086072,0.02,-0.224354290751897,-0.045510661914933,0.228923716828821
0.0087556,0.02,-0.22128907969825,-0.0540321771219484,0.227790107244007
0.008904,0.02,-0.217797066850905,-0.0622000555593648,0.226504766485046
0.0090524,0.02,-0.21392634746772,-0.0700300175061345,0.22509705793899
0.0092008,0.02,-0.209736934034267,-0.0775496582195877,0.22361469313994
0.0093492,0.02,-0.205226852255155,-0.0847575813820414,0.222040330769643
0.0094976,0.02,-0.200445447410757,-0.0915771818959533,0.220374131040154
0.009646,0.02,-0.195486247652234,-0.0979769897140365,0.218664957262418
0.0097944,0.02,-0.190348757751658,-0.1039564542434,0.216886131314244
0.0099428,0.02,-0.185074781513322,-0.109566174849503,0.215075385442769
0.0100912,0.02,-0.179712639217254,-0.114863459682778,0.213284427618914
0.0102396,0.02,-0.174260849428294,-0.119846620059035,0.211494813135087
0.010388,0.02,-0.16877838310771,-0.124475434984428,0.209714750361093
0.0105364,0.02,-0.163350148684486,-0.128753818297495,0.207992347939601
0.0106848,0.02,-0.157975741431194,-0.132681288985071,0.206302349301881
0.0108332,0.02,-0.15267230587168,-0.136336088139267,0.204686008093602
0.0109816,0.02,-0.14746338144062,-0.139795893717391,0.20319532663461
0.01113,0.02,-0.142347895060462,-0.143058966416142,0.201813753496136
0.0112784,0.02,-0.137371910837448,-0.146112765906217,0.200549201563848
0.0114268,0.02,-0.132596997760854,-0.148982660451365,0.199443718703695
0.0115752,0.02,-0.128022694873244,-0.151668266662612,0.198476884082375
0.0117236,0.02,-0.123628988736603,-0.15425898614874,0.197686523728028
0.011872,0.02,-0.119408025428009,-0.156838221072885,0.197120531974533
0.0120204,0.02,-0.115358892046084,-0.159404256455221,0.196767352348254
0.0121688,0.02,-0.111501001855311,-0.16195296440783,0.196624607044037
0.0123172,0.02,-0.107867965246985,-0.164513274808945,0.196723449326429
0.0124656,0.02,-0.104459101949254,-0.167084802342581,0.197050844083206
0.012614,0.02,-0.101214762542091,-0.169747210385418,0.197632344493717
0.0127624,0.02,-0.0980972982269476,-0.172574168157754,0.19850673397839
0.0129108,0.02,-0.0951056752418518,-0.175563817973798,0.1996690853506
0.0130592,0.02,-0.0922321907372538,-0.178697842365126,0.201096235355475
0.0132076,0.02,-0.0894883341865672,-0.181993164605808,0.202804521445463
0.013356,0.02,-0.0868731110860044,-0.185449174508365,0.204788509823172
0.0135044,0.02,-0.0842957826419696,-0.189116893808828,0.2070530813466
0.0136528,0.02,-0.0816978455074998,-0.193048633391903,0.209624218102414
0.0138012,0.02,-0.0790779945180754,-0.197242010332587,0.212503505517065
0.0139496,0.02,-0.0764141661352333,-0.201646957130239,0.215640024360107
0.014098,0.02,-0.0737090383607769,-0.206260325599168,0.219035029738043
0.0142464,0.02,-0.0709613483487908,-0.211080993818501,0.222689691972675
0.0143948,0.02,-0.0680662806591091,-0.216120362222097,0.226585589854639
0.0145432,0.02,-0.0649576209569971,-0.221404905328874,0.230737133171236
0.0146916,0.02,-0.0616338947031244,-0.226931233281288,0.235152124410651
0.01484,0.02,-0.0580800945443534,-0.232611622599919,0.239752923550159
0.0149884,0.02,-0.0543056715959094,-0.238424807074422,0.244531173055621
0.0151368,0.02,-0.0503093125156758,-0.244368898201403,0.249493858309113
0.0152852,0.02,-0.0459922548522465,-0.250416069826281,0.254604586631182
0.0154336,0.02,-0.0412935156568513,-0.256570571538071,0.259872300591416
0.015582,0.02,-0.0362118519334321,-0.262827556852943,0.265310427352066
0.0157304,0.02,-0.0307620311612679,-0.269069943953334,0.270822704550813
0.0158788,0.02,-0.0249723137459216,-0.275269492586934,0.276399909556593
0.0160272,0.02,-0.0188416866354991,-0.281423456688195,0.28205348983766
0.0161756,0.02,-0.0122943282150526,-0.287476279187105,0.287739051227882
0.016324,0.02,-0.00528323792717692,-0.293419599147863,0.293467159605786
0.0164724,0.02,0.00219188621908821,-0.299247043198842,0.29925507051418
0.0166208,0.02,0.0100705947621475,-0.304833350742101,0.304999653448197
0.0167692,0.02,0.0183017252703662,-0.31015863563881,0.310698137118972
0.0169176,0.02,0.0268856134739602,-0.315219413472731,0.31636389623654
0.017066,0.02,0.035866632155054,-0.319950755120999,0.321954812053871
0.0172144,0.02,0.0452754752906747,-0.324344021007348,0.327488797710717
0.0173628,0.02,0.0551108519881048,-0.328391891811894,0.332984144689578
0.0175112,0.02,0.0652638982140946,-0.331987810661472,0.338341961390982
0.0176596,0.02,0.0756649441615562,-0.33513470808653,0.343570162178288
0.017808,0.02,0.0863133625150605,-0.337828651831877,0.348680648369249
0.0179564,0.02,0.0972247191401612,-0.340014487109583,0.35364176429867
0.0181048,0.02,0.108418108103379,-0.341693913969343,0.358481822423962
0.0182532,0.02,0.119890061018582,-0.342859154060707,0.363216225207882
0.0184016,0.02,0.131493585636408,-0.343446070005999,0.367757754596806
0.01855,0.02,0.143153508254362,-0.343489310523167,0.37212609874774
0.0186984,0.02,0.15486812258039,-0.342984812362753,0.376327937978417
0.0188468,0.02,0.166636583368537,-0.341900606220365,0.38034691460638
0.0189952,0.02,0.178475326156708,-0.340253239725513,0.384220911964004
0.0191436,0.02,0.190378053195861,-0.338035212756016,0.387958255746222
0.019292,0.02,0.202180842208653,-0.335239671082929,0.391487841476578
0.0194404,0.02,0.213820055716165,-0.331929987294248,0.394837349666447
0.0195888,0.02,0.225293260626113,-0.328102480864985,0.398005390960102
0.0197372,0.02,0.236602630463748,-0.323753368820839,0.40099507299368
0.0198856,0.02,0.247769469720478,-0.318909789178411,0.403847946335481
0.020034,0.02,0.258774765401993,-0.313563707219205,0.406554519952623
0.0201824,0.02,0.269463341482105,-0.307774691820358,0.409066930132243
0.0203308,0.02,0.279823129328874,-0.301615093207267,0.411427573404885
0.0204792,0.02,0.289875397964659,-0.295075883469076,0.413639363879002
0.0206276,0.02,0.299603681019738,-0.288163603337832,0.415692949145424
0.020776,0.02,0.308949951431426,-0.280935866091032,0.417582367139465
0.0209244,0.02,0.317973835867903,-0.273439235463499,0.419376174558607
0.0210728,0.02,0.326618848235732,-0.265674601885931,0.421025968450978
0.0212212,0.02,0.334838801509842,-0.257701769323851,0.422524821648611
0.0213696,0.02,0.342668734290947,-0.249581447380875,0.423925418366594
0.021518,0.02,0.350107045869622,-0.241315866615657,0.425215581849983
0.0216664,0.02,0.357134149147055,-0.232937468309015,0.426385582107562
0.0218148,0.02,0.363776699628518,-0.224500501800049,0.427473931955027
0.0219632,0.02,0.370001294550329,-0.216048240833478,0.428459800140176
0.0221116,0.02,0.375840288529858,-0.207596131388904,0.429362406656481
0.02226,0.02,0.381358883941262,-0.19913148932511,0.430218489144483
0.0224084,0.02,0.386464911346443,-0.190770584824325,0.43098554933574
0.0225568,0.02,0.391238096360693,-0.182503135949275,0.431711295515021
0.0227052,0.02,0.39573503400208,-0.174290139494102,0.432415621666818
0.0228536,0.02,0.399884959542026,-0.16624544318768,0.433065270194454
0.023002,0.02,0.403776860493647,-0.158357665957926,0.433719844413128
0.0231504,0.02,0.407429146254398,-0.150610966974247,0.434375612333963
0.0232988,0.02,0.410845640765726,-0.143031887933098,0.435031333931139
0.0234472,0.02,0.414082699157433,-0.135646469769913,0.435734376085414
0.0235956,0.02,0.417138221867636,-0.128450223272171,0.43646735960615
0.023744,0.02,0.420052624722426,-0.121427839760373,0.437251561238002
0.0238924,0.02,0.422858900840702,-0.114611244390383,0.438115723708838
0.0240408,0.02,0.425581544320924,-0.107982903106367,0.439067145468505
0.0241892,0.02,0.428275031493309,-0.101487980558581,0.440135561842546
0.0243376,0.02,0.430908793292014,-0.0952100410060865,0.441301869523301
0.024486,0.02,0.433546707115348,-0.0890754969309449,0.442602746719963
0.0246344,0.02,0.436227655644063,-0.0830317987188108,0.444059508565233
0.0247828,0.02,0.438946895432568,-0.0771456267660725,0.445674572686193
0.0249312,0.02,0.44171966347201,-0.071360843477967,0.447446791339163
0.0250796,0.02,0.444579779374386,-0.0656207335682991,0.449396551947853
0.025228,0.02,0.4475792953058,-0.0599123135495456,0.451571379630392
0.0253764,0.02,0.45066127478973,-0.0542771053973556,0.453918041903404
0.0255248,0.02,0.453858797759503,-0.0486267834218476,0.456456320330496
0.0256732,0.02,0.457241911375302,-0.0428844874185052,0.459248565353543
0.0258216,0.02,0.460764022023425,-0.0371460351097155,0.462258923024289
0.02597,0.02,0.464403164592047,-0.0313055259201362,0.465457125024684
0.0261184,0.02,0.468176648843713,-0.0253249576862135,0.468861096705984
0.0262668,0.02,0.472143568901609,-0.0192205729856289,0.472534633737089
0.0264152,0.02,0.476226844550376,-0.0129777619523332,0.476403641648235
0.0265636,0.02,0.480433125234786,-0.00649279063016336,0.480476996486857
0.026712,0.02,0.484787134271431,0.00023472800240713,0.484787191097642
0.0268604,0.02,0.489252201083502,0.00714414459384857,0.489304358315997
0.0270088,0.02,0.493784110457352,0.0143074245034197,0.493991346215781
0.0271572,0.02,0.498429755940763,0.021774076821375,0.498905133295491
0.0273056,0.02,0.503120529910272,0.0295243054014733,0.503986063524213
0.027454,0.02,0.507824587001906,0.0375791999349077,0.509213125745404
0.0276024,0.02,0.512568790927958,0.0459065048134827,0.514620416052005
0.0277508,0.02,0.517270257392705,0.0545371992591015,0.520137313876002
0.0278992,0.02,0.521925340153092,0.0635096416846548,0.525775175603446
0.0280476,0.02,0.526576364641455,0.0728087737062623,0.531586103399647
0.028196,0.02,0.531105009454101,0.0823724699535719,0.537454886361165
0.0283444,0.02,0.535487821390208,0.0922280438766965,0.543372081482434
0.0284928,0.02,0.539762964112046,0.102407441634088,0.549391792375042
0.0286412,0.02,0.543869569836341,0.112846489284395,0.555453363602904
0.0287896,0.02,0.547737077967198,0.123501166846315,0.561487706715335
0.028938,0.02,0.551390310771576,0.134394369954777,0.567532484963034
0.0290864,0.02,0.554832159311591,0.145539359016354,0.573603024773453
0.0292348,0.02,0.557963638528474,0.156828394199925,0.579584823082231
0.0293832,0.02,0.560787075862965,0.168220452232513,0.585474393124281
0.0295316,0.02,0.563337234650819,0.179776886715816,0.591327801596765
0.02968,0.02,0.565541099403966,0.191464447503468,0.597072332111324
0.0298284,0.02,0.56737365939038,0.203086988475649,0.602625251925389
0.0299768,0.02,0.568871775804306,0.214751400890338,0.608056955795349
0.0301252,0.02,0.570008384071415,0.226485544400156,0.613355736692778
0.0302736,0.02,0.570744309889497,0.238033743087267,0.618392375534638
0.030422,0.02,0.57111456150491,0.24948408954565,0.62322881295666
0.0305704,0.02,0.571114341867926,0.260856800819431,0.627867710605493
0.0307188,0.02,0.570711925362438,0.272014130567108,0.63222131329075
0.0308672,0.02,0.569949151637797,0.282920392510056,0.636306517293897
0.0310156,0.02,0.568820806822483,0.293589566567737,0.640118695143027
0.031164,0.02,0.567315025612019,0.30399258258214,0.643628641803738
0.0313124,0.02,0.565475804586384,0.314022212911733,0.646817467122372
0.0314608,0.02,0.563317121668587,0.32368389842308,0.649690269023128
0.0316092,0.02,0.560837750108445,0.333031702432139,0.652264591076007
0.0317576,0.02,0.558068515171348,0.341904993274855,0.654476502291589
0.031906,0.02,0.555052959991126,0.350318090748062,0.656358555288402
0.0320544,0.02,0.551789125144052,0.35831582029104,0.657922081783306
0.0322028,0.02,0.548295108858106,0.36583996088646,0.659140655231589
0.0323512,0.02,0.54464545162033,0.372825257611685,0.660028287790707
0.0324996,0.02,0.5408451214165,0.379311894313815,0.660598939242233
0.032648,0.02,0.536894492281682,0.385343999804271,0.660867380060144
0.0327964,0.02,0.532875490355632,0.390804842768552,0.660821241602529
0.0329448,0.02,0.528824361536413,0.3957339529619,0.660500239879779
0.0330932,0.02,0.524723678779167,0.400211976113252,0.659927696718373
0.0332416,0.02,0.520614573796904,0.404157855380195,0.65907746624752
0.03339,0.02,0.516599042874224,0.407592315004063,0.65803196453435
0.0335384,0.02,0.512668568046419,0.410541065336191,0.656789941297932
0.0336868,0.02,0.50881401926358,0.413046654742101,0.655361919242184
0.0338352,0.02,0.505102952190272,0.415080948703373,0.653774568400929
0.0339836,0.02,0.50160019325747,0.416718432196795,0.652117325033223
0.034132,0.02,0.498275791842816,0.417967427727496,0.650365693573796
0.0342804,0.02,0.495169920692555,0.418831793196824,0.648547084914533
0.0344288,0.02,0.492341630298262,0.419365265946718,0.646736041370289
0.0345772,0.02,0.489766014194209,0.419609519224657,0.644936351343006
0.0347256,0.02,0.487492111200129,0.419573382057029,0.643187672000274
0.034874,0.02,0.48554992696365,0.419308227307707,0.641543545725726
0.0350224,0.02,0.483915893294312,0.418813100224762,0.639983597213795
0.0351708,0.02,0.482638247011149,0.418177959922596,0.638601975915373
0.0353192,0.02,0.481720581611072,0.417437523794935,0.637423567982669
0.0354676,0.02,0.481131137864689,0.416577937505396,0.636415233820829
0.035616,0.02,0.480908844311195,0.415664633815997,0.635649592418744
0.0357644,0.02,0.481068057480006,0.414760021825404,0.635178991806401
0.0359128,0.02,0.481570651830716,0.413853778813086,0.634968694458657
0.0360612,0.02,0.482422385131063,0.412972115744535,0.635041200283935
0.0362096,0.02,0.483640024821398,0.412198987589948,0.635464931352959
0.036358,0.02,0.485187616130781,0.411515003810387,0.636200928329826
0.0365064,0.02,0.48705971126304,0.410934121329666,0.637255062285597
0.0366548,0.02,0.489249541211745,0.410534386851952,0.638673309575256
0.0368032,0.02,0.491730809781444,0.410291458274544,0.640420385388666
0.0369516,0.02,0.494499168689425,0.410212741971204,0.642498187943021
0.0371,0.02,0.497521776080467,0.410352295837838,0.644916215002884
0.0372484,0.02,0.500774203344684,0.410689122984434,0.647642153100944
0.0373968,0.02,0.504250988077156,0.411227415640901,0.650674301284047
0.0375452,0.02,0.507929125234832,0.411985060570055,0.654005876422172
0.0376936,0.02,0.511757513287241,0.412949833484235,0.657589018597937
0.037842,0.02,0.515733144890296,0.414113462654744,0.661415630817973
0.0379904,0.02,0.519851963801633,0.415478091934043,0.665483365040455
0.0381388,0.02,0.524045248371112,0.417022818764921,0.669724908982024
0.0382872,0.02,0.528304714250086,0.418722973228057,0.67411779342175
0.0384356,0.02,0.53262417446023,0.420576564974928,0.678655404624137
0.038584,0.02,0.536966683200077,0.422553347405964,0.683289506922854
0.0387324,0.02,0.541287879837996,0.424608033153063,0.687956794193956
0.0388808,0.02,0.545593897847976,0.426742634999083,0.692662961255262
0.0390292,0.02,0.549889946377114,0.428931429763904,0.697395959671356
0.0391776,0.02,0.554104584735974,0.431099054256657,0.702052907839865
0.039326,0.02,0.558244331551294,0.433236411671094,0.706633230259374
0.0394744,0.02,0.562322091071114,0.435321252013984,0.711133409819573
0.0396228,0.02,0.56631040575276,0.437285738026035,0.715490246156319
0.0397712,0.02,0.570178766663926,0.439093393068815,0.71965744197575
0.0399196,0.02,0.573943529443031,0.440726573035971,0.723637400339116
0.040068,0.02,0.577632420571507,0.442119588431084,0.727412499046978
0.0402164,0.02,0.581185585514026,0.443240184880049,0.730916237541471
0.0403648,0.02,0.58462200470539,0.444060470574575,0.734147525986884
0.0405132,0.02,0.587983295330786,0.444514616867455,0.737100807350576
0.0406616,0.02,0.591255574057286,0.444589030332554,0.739758446890505
0.04081,0.02,0.59443163513039,0.444223725838819,0.742080647532268
0.0409584,0.02,0.597536398077174,0.44337960102695,0.744066675529727
0.0411068,0.02,0.600620957479951,0.442052684769093,0.745758748306512
0.0412552,0.02,0.603640268918983,0.440196867560054,0.747097621780625
0.0414036,0.02,0.606667151346633,0.437753177866763,0.748112877349059
0.041552,0.02,0.609734933573546,0.434693560964344,0.748822529818514
0.0417004,0.02,0.612799702703361,0.431063790950048,0.749225912193081
0.0418488,0.02,0.615916240695489,0.42679241269057,0.749336092206095
0.0419972,0.02,0.619135098686488,0.421857473024618,0.749194232473958
0.0421456,0.02,0.622482322474674,0.416237398535127,0.748824287622106
0.042294,0.02,0.625998742777455,0.409907240622946,0.748263571125892
0.0424424,0.02,0.629657640846842,0.402928977166892,0.747542978909954
0.0425908,0.02,0.633537937442221,0.39524615471105,0.746719385708189
0.0427392,0.02,0.637691237515934,0.386822358689489,0.745842913478906
0.0428876,0.02,0.642096903235848,0.377723056754013,0.744958482567091
0.043036,0.02,0.646786217023467,0.367955921890749,0.744126313864789
0.0431844,0.02,0.651840893042372,0.357483471510409,0.743431894826561
0.0433328,0.02,0.657263301250247,0.346323416306447,0.74292325031092
0.0434812,0.02,0.663054382051254,0.334519332437016,0.742660283933023
0.0436296,0.02,0.669301343698928,0.322072706811872,0.742761817240437
0.043778,0.02,0.675988394365607,0.309006273040278,0.743266564628892
0.0439264,0.02,0.683141298722306,0.295319846325474,0.744241792466467
0.0440748,0.02,0.690830883979296,0.281051661298553,0.745813211587387
0.0442232,0.02,0.69900972978775,0.266280444441984,0.748010613180163
0.0443716,0.02,0.707718577816766,0.250975150208551,0.750902198298281
0.04452,0.02,0.717058090037096,0.23508605055534,0.754610996244658
0.0446684,0.02,0.726900255298476,0.218857106836043,0.759132672439826
0.0448168,0.02,0.737327760449191,0.202189642710428,0.764547498817692
0.0449652,0.02,0.748421585379481,0.185000308866467,0.770947458483796
0.0451136,0.02,0.760040202475229,0.167578560612793,0.778295370251964
0.045262,0.02,0.772268116440498,0.14982923656291,0.786668191679045
0.0454104,0.02,0.785134774784147,0.131714154019536,0.796106295003648
0.0455588,0.02,0.798583446253593,0.113354360017656,0.806588328433581
0.0457072,0.02,0.812613632719676,0.0948049484556876,0.818125231449046
0.0458556,0.02,0.827236934541484,0.0760407222815077,0.830724465340154
0.046004,0.02,0.842424775646576,0.0570693806124372,0.844355622250881
0.0461524,0.02,0.858121734903187,0.0380263935409881,0.858963863337096
0.0463008,0.02,0.874353108756254,0.0189031107144497,0.874557423149794
0.0464492,0.02,0.89119794775575,-0.000429801276733286,0.891198051396657
0.0465976,0.02,0.908394799869611,-0.0197005274819033,0.90860839926407
0.046746,0.02,0.926057283644545,-0.0389682668956955,0.926876808651488
0.0468944,0.02,0.944266646164178,-0.0583510562135539,0.946067833096222
0.0470428,0.02,0.962792916429981,-0.0777138882176763,0.965924245657835
0.0471912,0.02,0.981630428661136,-0.0969582642927608,0.986407219908751
0.0473396,0.02,1.00087479201065,-0.116194271163571,1.00759687272917
0.047488,0.02,1.02046689615003,-0.135515970025997,1.02942569633275
0.0476364,0.02,1.04016979542481,-0.154624878268848,1.0515997605048
0.0477848,0.02,1.06011407891743,-0.173628034840887,1.07423859305168
0.0479332,0.02,1.08036248214489,-0.19273487439188,1.09741962103524
0.0480816,0.02,1.1006265987721,-0.211708946956912,1.12080309963269
0.04823,0.02,1.12095971511698,-0.23053914147153,1.14442080489022
0.0483784,0.02,1.14138313472338,-0.249319787601179,1.16829611688153
0.0485268,0.02,1.16181526201228,-0.26810857199297,1.19234932357123
0.0486752,0.02,1.18210640034351,-0.286750805312719,1.21638873970478
0.0488236,0.02,1.20240296761556,-0.305397059941784,1.24058061437046
0.048972,0.02,1.22262207439004,-0.32411395862364,1.26485358637294
0.0491204,0.02,1.24255845563456,-0.342690530572815,1.28894853094032
0.0492688,0.02,1.26226894323654,-0.361217542223326,1.31293602200159
0.0494172,0.02,1.28177498596898,-0.379833147090719,1.33686960257335
0.0495656,0.02,1.30096109015405,-0.398472919580566,1.36061766331835
0.049714,0.02,1.31981253947244,-0.417175422966389,1.38417501526211
0.0498624,0.02,1.3382239414631,-0.435863976387419,1.40741632909999
0.0500108,0.02,1.35619467624607,-0.454622295641498,1.43036548880786
0.0501592,0.02,1.3737668080921,-0.473554332719123,1.45309633164929
0.0503076,0.02,1.39085890845439,-0.492619274170879,1.47552101052868
0.050456,0.02,1.40734635096294,-0.511737397156698,1.49749755098879
0.0506044,0.02,1.423303656758,-0.531039754771047,1.51914335086851
0.0507528,0.02,1.43870183060825,-0.550580962934848,1.54045524249872
0.0509012,0.02,1.45343566278182,-0.570278038821438,1.56131107323558
0.0510496,0.02,1.46752194279993,-0.590191683792683,1.58175436658709
0.051198,0.02,1.48092290648968,-0.610347086692592,1.60176659385816
0.0513464,0.02,1.49365397268736,-0.630799456600407,1.62139142238143
0.0514948,0.02,1.50566355583856,-0.651545676936531,1.64058968438641
0.0516432,0.02,1.51686644984054,-0.67250319301632,1.65926018793587
0.0517916,0.02,1.5273458145467,-0.693804090009948,1.67754265296828
0.05194,0.02,1.53710363782202,-0.715589845483235,1.69551066654398
0.0520884,0.02,1.54595860176044,-0.737523891930483,1.71287170842576
0.0522368,0.02,1.55403645091117,-0.759852896954843,1.72985713738772
0.0523852,0.02,1.56136793382605,-0.782740408238371,1.74658305598944
0.0525336,0.02,1.56776743880629,-0.805814639793718,1.76273423291406
0.052682,0.02,1.57334770497045,-0.829317988774876,1.77853628786185
0.0528304,0.02,1.57812257983344,-0.853315414895285,1.7940507446218
0.0529788,0.02,1.58199357190295,-0.877691630191945,1.80915622853618
0.0531272,0.02,1.58500853752552,-0.902477079357609,1.82392898512926
0.0532756,0.02,1.5871714707161,-0.927707673802786,1.83841094575932
0.053424,0.02,1.5884283078115,-0.953380117009859,1.85257608118172
0.0535724,0.02,1.58881167837565,-0.979428466749361,1.86644117796995
0.0537208,0.02,1.58834959796442,-1.0058952504032,1.88007438686278
0.0538692,0.02,1.58701871243358,-1.03297834950692,1.89358724757123
0.0540176,0.02,1.58478941539957,-1.06028714666593,1.9067685555797
0.054166,0.02,1.58171928667746,-1.08802101722426,1.91979833205708
0.0543144,0.02,1.57777563651053,-1.11635900320435,1.93277866896384
0.0544628,0.02,1.5729429771675,-1.14501998828475,1.94556428395265
0.0546112,0.02,1.56727596619024,-1.17399195811922,1.95821629855492
0.0547596,0.02,1.56074993617719,-1.20346139801407,1.97085253121259
0.054908,0.02,1.55332217484448,-1.23346477966529,1.9834931664965
0.0550564,0.02,1.54508692293148,-1.26360786174432,1.99599559811036
0.0552048,0.02,1.53603536461767,-1.29412765440899,2.00852458965835
0.0553532,0.02,1.52608192331818,-1.32525910281753,2.02119710228351
0.0555016,0.02,1.51530358996555,-1.35654853298439,2.03380650311296
0.05565,0.02,1.50372486712722,-1.38811388086875,2.04647223833535
0.0557984,0.02,1.49127103304345,-1.42004607453729,2.05922804657553
0.0559468,0.02,1.4780054984624,-1.45229618715833,2.07211593998012
0.0560952,0.02,1.46394790308326,-1.48464973324365,2.08502477044334
0.0562436,0.02,1.44904267875206,-1.51739046055525,2.09814167649113
0.056392,0.02,1.43323130098009,-1.55046142732157,2.11141720172047
0.0565404,0.02,1.41675086732937,-1.58352629694105,2.124791414041
0.0566888,0.02,1.39948674727943,-1.61672927991948,2.13831165183182
0.0568372,0.02,1.38140871779853,-1.65017631815936,2.15206224970928
0.0569856,0.02,1.36250550919025,-1.68369663755467,2.16593066137554
0.057134,0.02,1.34275500263436,-1.71730745887825,2.17993942700674
0.0572824,0.02,1.32234454804697,-1.75082779132536,2.19408137010157
0.0574308,0.02,1.30115638817671,-1.78431893751943,2.20834825543517
0.0575792,0.02,1.27910362283035,-1.81789276415604,2.22280007645956
0.0577276,0.02,1.25636472821293,-1.85139779459725,2.23743740116614
0.057876,0.02,1.2329423363859,-1.88463566669512,2.25210976664817
0.0580244,0.02,1.20871332310165,-1.91776680564996,2.26689598753368
0.0581728,0.02,1.18373535066199,-1.95075839134135,2.28181675026623
0.0583212,0.02,1.15807892845963,-1.98341286839244,2.29675279711312
0.0584696,0.02,1.13165249888413,-2.01576522693672,2.31169782375594
0.058618,0.02,1.10452741287499,-2.04775060672843,2.32664207671678
0.0587664,0.02,1.07669924016001,-2.07940040056658,2.34162065237681
0.0589148,0.02,1.04808499607565,-2.11061121735797,2.35651477182643
0.0590632,0.02,1.01885865426688,-2.14118114006396,2.37122956120662
0.0592116,0.02,0.988981427524578,-2.17127034502624,2.3858958852345
0.05936,0.02,0.958172048433507,-2.20093680744085,2.40046172740729
0.0595084,0.02,0.926892811924807,-2.2296776245162,2.41466200410452
0.0596568,0.02,0.894963202861264,-2.25777001949916,2.42867959917008
0.0598052,0.02,0.862117929152281,-2.28533907119645,2.44254416420724
0.0599536,0.02,0.828811548492106,-2.31183990234934,2.4559178156055
0.060102,0.02,0.794862542086462,-2.33751370667231,2.46896269507926
0.0602504,0.02,0.760174278179097,-2.36241531900871,2.48170728988979
0.0603988,0.02,0.724823010267128,-2.38628103839822,2.49393375822848
0.0605472,0.02,0.688898356801742,-2.40911276467352,2.50567461154018
0.0606956,0.02,0.652337054594466,-2.4309369200822,2.51694218094412
0.060844,0.02,0.615100807261043,-2.45165171277128,2.52763627205885
0.0609924,0.02,0.577343932943964,-2.47115681234828,2.53770408206365
0.0611408,0.02,0.539040595348632,-2.48950424230226,2.5471937766638
0.0612892,0.02,0.499918026523666,-2.50676486781488,2.55612756640866
0.0614376,0.02,0.460474689950937,-2.52260083290989,2.5642838965846
0.061586,0.02,0.420495915536896,-2.53716484419078,2.57177414668956
0.0617344,0.02,0.379729233833417,-2.55050712239775,2.57861995502039
0.0618828,0.02,0.338541690385542,-2.56242015260074,2.5846871212167
0.0620312,0.02,0.296971019529774,-2.57291435599674,2.58999615245557
0.0621796,0.02,0.254763822829896,-2.58205245484121,2.5945904272109
0.062328,0.02,0.211857952897945,-2.58978967555235,2.59844075472266
0.0624764,0.02,0.168795454297039,-2.59600481014417,2.60148666721223
0.0626248,0.02,0.125274005644893,-2.60079733902416,2.60381266130371
0.0627732,0.02,0.0809322650060336,-2.60417003644314,2.60542733735318
0.0629216,0.02,0.0363853905485725,-2.60600321929271,2.60625721593425
0.06307,0.02,-0.00850073569723526,-2.60636523747394,2.6063791001349
0.0632184,0.02,-0.05389381868671,-2.60520766914357,2.60576505906751
0.0633668,0.02,-0.0997108644676418,-2.60261626678638,2.60452561681277
0.0635152,0.02,-0.145703826130471,-2.59850640077495,2.60258815793384
0.0636636,0.02,-0.192214779909969,-2.5929507689845,2.60006542456015
0.063812,0.02,-0.239244121916869,-2.58587618605374,2.59691998326318
0.0639604,0.02,-0.28629899860337,-2.57744787378949,2.59329995540494
0.0641088,0.02,-0.333575691736056,-2.56760406967675,2.5891819945183
0.0642572,0.02,-0.381285070163683,-2.55638725101965,2.58466517791097
0.0644056,0.02,-0.429200027273193,-2.54374928045847,2.57970406543934
0.064554,0.02,-0.477340917908659,-2.5297029591461,2.57434485130147
0.0647024,0.02,-0.525495262350128,-2.51443881854492,2.56876387450423
0.0648508,0.02,-0.573744187909876,-2.49788899377407,2.56293422045475
0.0649992,0.02,-0.622270074459854,-2.48001638478203,2.55689290240237
0.0651476,0.02,-0.670941758698388,-2.46103686233907,2.55085579391643
0.065296,0.02,-0.719452682138531,-2.44092734425003,2.54474722944026
0.0654444,0.02,-0.767998804131661,-2.41963524860637,2.53859348841954
0.0655928,0.02,-0.816688872931632,-2.39728510917442,2.53257904315734
0.0657412,0.02,-0.865243814870032,-2.37393643054336,2.52670161187105
0.0658896,0.02,-0.913614846102174,-2.34954046958152,2.5209189802966
0.066038,0.02,-0.961881462594513,-2.3242269144278,2.51540189588733
0.0661864,0.02,-1.01013722322775,-2.29804808497713,2.5102593911023
0.0663348,0.02,-1.05812519850482,-2.27091716493543,2.5053330528513
0.0664832,0.02,-1.10566222745931,-2.24304198403204,2.50074514962254
0.0666316,0.02,-1.15306746940947,-2.21448584968631,2.49670025583194
0.06678,0.02,-1.20044718259257,-2.18496922241988,2.49302305266449
0.0669284,0.02,-1.24697412821433,-2.15493620103045,2.48971775648313
0.0670768,0.02,-1.29322864905599,-2.12433809715676,2.48701682538957
0.0672252,0.02,-1.33947734589303,-2.09292095102122,2.48485767547846
0.0673736,0.02,-1.38474609628012,-2.06109051461319,2.48306581881986
0.067522,0.02,-1.42957959837325,-2.02880115158339,2.48188072653605
0.0676704,0.02,-1.47410026333975,-1.99596354789121,2.48129846469319
0.0678188,0.02,-1.51792067157793,-1.96261743357748,2.48111877099542
0.0679672,0.02,-1.56106716105883,-1.9289538143881,2.48149017716747
0.0681156,0.02,-1.60361932813878,-1.89490741426926,2.48239180191864
0.068264,0.02,-1.6455527231205,-1.86042469677284,2.48375196364927
0.0684124,0.02,-1.68665203213399,-1.82571164308084,2.48556192463247
0.0685608,0.02,-1.72697281914301,-1.79076890252822,2.48782804476533
0.0687092,0.02,-1.76684677121882,-1.75536212998038,2.49059103835528
0.0688576,0.02,-1.80564723286804,-1.71991423211122,2.49368540425266
0.069006,0.02,-1.84357166382747,-1.68428379175048,2.49711200606239
0.0691544,0.02,-1.88088177833647,-1.64825137967031,2.50088961664909
0.0693028,0.02,-1.91732836120122,-1.6121206225444,2.50501116690116
0.0694512,0.02,-1.95269240276345,-1.57594240794994,2.50930310902951
0.0695996,0.02,-1.987206357358,-1.53950375675672,2.51377423882737
0.069748,0.02,-2.02112510087605,-1.50273876476724,2.51856516066697
0.0698964,0.02,-2.05381775528099,-1.46610247017813,2.52341511150461
0.0700448,0.02,-2.08549591376027,-1.42935530774814,2.52830967290373
0.0701932,0.02,-2.11661625113833,-1.39216217151505,2.53341269168298
0.0703416,0.02,-2.14669525567041,-1.35501931483823,2.53857792165269
0.07049,0.02,-2.1756657429066,-1.31782945531919,2.54365797586157
0.0706384,0.02,-2.203662821741,-1.28042049891042,2.54864797215181
0.0707868,0.02,-2.23094833103225,-1.24285026181908,2.55378292519927
0.0709352,0.02,-2.25714042492111,-1.20528399058996,2.55878729006252
0.0710836,0.02,-2.28245037575697,-1.16746821131548,2.56370079030789
0.071232,0.02,-2.30698520358672,-1.12933039771374,2.5685731207751
0.0713804,0.02,-2.33055226351842,-1.0912786789838,2.57339522969082
0.0715288,0.02,-2.35315257744875,-1.05314773141541,2.57807044064725
0.0716772,0.02,-2.37507687495532,-1.01470140829703,2.58275223549366
0.0718256,0.02,-2.39609195302591,-0.976104294373593,2.58728356405905
0.071974,0.02,-2.41623178932451,-0.937329241187778,2.59167169335315
0.0721224,0.02,-2.43556435444791,-0.898505771714867,2.59601354897508
0.0722708,0.02,-2.45407857736331,-0.859554615689517,2.60025687216218
0.0724192,0.02,-2.47188707330137,-0.820301041021897,2.60444226295305
0.0725676,0.02,-2.48910334178423,-0.78077594157985,2.60868674183608
0.072716,0.02,-2.5055002741349,-0.741234865673039,2.61284533598516
0.0728644,0.02,-2.52120358914733,-0.701528138924929,2.61698476641207
0.0730128,0.02,-2.53637702477018,-0.661443347422493,2.62120501175156
0.0731612,0.02,-2.55088867884145,-0.621196295980653,2.62543670462298
0.0733096,0.02,-2.56474931915444,-0.580877825692167,2.62970685029415
0.073458,0.02,-2.57805884294607,-0.540295520241464,2.6340665608305
0.0736064,0.02,-2.59090723984234,-0.49933318060735,2.63858559662614
0.0737548,0.02,-2.60319306162238,-0.45825218200225,2.64321947223244
0.0739032,0.02,-2.61489521872613,-0.417124224339015,2.64795574423879
0.0740516,0.02,-2.62621742229385,-0.375626950353885,2.65294431810996
0.0742,0.02,-2.63713954606639,-0.333633237677919,2.65816028913057
0.0743484,0.02,-2.64747165899811,-0.291885022051854,2.66351329099301
0.0744968,0.02,-2.65746046087201,-0.249786143234989,2.66917388314255
0.0746452,0.02,-2.66713565820819,-0.207044112671995,2.67515978660673
0.0747936,0.02,-2.67628100490453,-0.164572368458128,2.68133624927436
0.074942,0.02,-2.68510056247768,-0.12179450347918,2.6878614048525
0.0750904,0.02,-2.69360883369191,-0.0785766756240475,2.69475469067134
0.0752388,0.02,-2.70167735439545,-0.0352233317794528,2.70190695812325
0.0753872,0.02,-2.70941139924429,0.00829968980309309,2.70942411135756
0.0755356,0.02,-2.7168050207747,0.0520870989632508,2.71730428674909
0.075684,0.02,-2.72377831271202,0.0962019363419767,2.7254766756214
0.0758324,0.02,-2.73035992972558,0.140426948246721,2.73396874042938
0.0759808,0.02,-2.73660719819426,0.184799291555578,2.74283972104971
0.0761292,0.02,-2.74252357202635,0.229749696467686,2.75213016882326
0.0762776,0.02,-2.74790814202869,0.274637012817921,2.76159820499599
0.076426,0.02,-2.75293230096118,0.319646444772337,2.77142744868614
0.0765744,0.02,-2.75758961240062,0.365128985595757,2.78165771556135
0.0767228,0.02,-2.76164990492825,0.410838084674497,2.79204192826849
0.0768712,0.02,-2.76525612826758,0.456490431384063,2.80268174591169
0.0770196,0.02,-2.76843580687579,0.502391706699317,2.8136514076467
0.077168,0.02,-2.77096323112468,0.548890654993625,2.82480409575323
0.0773164,0.02,-2.7728896987622,0.595166239609297,2.83604304168188
0.0774648,0.02,-2.77433793655778,0.641489735738676,2.84753578858664
0.0776132,0.02,-2.77507640463486,0.688498090235611,2.85920944874964
0.0777616,0.02,-2.77499339335373,0.735492963061731,2.87080794061013
0.07791,0.02,-2.77433580352545,0.7824094291234,2.88255158939166
0.0780584,0.02,-2.7729666498431,0.829475643014937,2.89436934123776
0.0782068,0.02,-2.77066347250099,0.8768733539661,2.90611131183013
0.0783552,0.02,-2.76749368704111,0.924153585911167,2.91771848507783
0.0785036,0.02,-2.76358620435986,0.971611833792078,2.92940920058857
0.078652,0.02,-2.75862690266473,1.01937056253168,2.94094181034949
0.0788004,0.02,-2.75271139376191,1.06695041134295,2.95225391821427
0.0789488,0.02,-2.74591339861755,1.11445567016306,2.96345268790746
0.0790972,0.02,-2.73798102593653,1.16219900496877,2.97443215177937
0.0792456,0.02,-2.72895945422385,1.20985427356292,2.98512429658401
0.079394,0.02,-2.71886047381637,1.25744767044574,2.99555953370825
0.0795424,0.02,-2.70759636271698,1.30482377819191,3.00560196225868
0.0796908,0.02,-2.69521418836994,1.35203382993665,3.0153233654923
0.0798392,0.02,-2.68162434262046,1.39925731252885,3.02473637555408
0.0799876,0.02,-2.66669779523941,1.44636625431698,3.03368628449971
0.080136,0.02,-2.6505912941336,1.49303598393116,3.042168742501
0.0802844,0.02,-2.63329968750259,1.53948915451766,3.05029410075139
0.0804328,0.02,-2.61458694967931,1.58576233272845,3.05789259022185
0.0805812,0.02,-2.59454936781421,1.63157289635015,3.06491705240607
0.0807296,0.02,-2.57331494127395,1.67695875495036,3.0715045910414
0.080878,0.02,-2.55070108611564,1.72187824355887,3.07748935276028
0.0810264,0.02,-2.52666146306921,1.76638239094049,3.0828760760017
0.0811748,0.02,-2.50134655227845,1.81035388038364,3.08773634671346
0.0813232,0.02,-2.47477706210472,1.85352086558135,3.09193484832154
0.0814716,0.02,-2.44684226564113,1.89609776571994,3.09551672747798
0.08162,0.02,-2.41738919135467,1.93823825834884,3.09847350296974
0.0817684,0.02,-2.38689165504339,1.97923735308249,3.10074705075289
0.0819168,0.02,-2.35509462168698,2.01946157483991,3.10236937345536
0.0820652,0.02,-2.32175481614434,2.05912991819834,3.10331459029035
0.0822136,0.02,-2.28743207545505,2.09753758333056,3.10354787514303
0.082362,0.02,-2.25191058819469,2.13497947129692,3.10310145500959
0.0825104,0.02,-2.21508988385579,2.17153960459451,3.1019683183235
0.0826588,0.02,-2.17709232339109,2.20694521336632,3.1000545413539
0.0828072,0.02,-2.13808108869779,2.24115989613854,3.09744869560528
0.0829556,0.02,-2.09798141492868,2.27422710823901,3.09412911127434
0.083104,0.02,-2.05671771481382,2.30605859757728,3.08998285009627
0.0832524,0.02,-2.01459549679194,2.33650949648525,3.08510480257319
0.0834008,0.02,-1.97161729652613,2.36564749119749,3.07953938383161
0.0835492,0.02,-1.92746303086147,2.39361750530376,3.07319353393734
0.0836976,0.02,-1.88274320213982,2.41991997687825,3.06606175079664
0.083846,0.02,-1.83731702542419,2.4448162654122,3.0582446637798
0.0839944,0.02,-1.7909017082431,2.46841966683395,3.04965974826712
0.0841428,0.02,-1.7439173751453,2.4903652194508,3.04025767618206
0.0842912,0.02,-1.69651571391985,2.51074273219214,3.0301806274268
0.0844396,0.02,-1.64842830129258,2.52968893398119,3.01937774503444
0.084588,0.02,-1.59962492642662,2.54709102768286,3.00773546186294
0.0847364,0.02,-1.55075630251296,2.56277258237522,2.99543793438586
0.0848848,0.02,-1.50152324075072,2.57696314694379,2.98250081361614
0.0850332,0.02,-1.45158339178444,2.58966664882507,2.96874850658342
0.0851816,0.02,-1.40165947334386,2.60062287729488,2.95430002354603
0.08533,0.02,-1.35159974376668,2.61008319408417,2.93927816774643
0.0854784,0.02,-1.30124005198866,2.61801657902283,2.92356571346325
0.0856268,0.02,-1.25081877788211,2.62437671651574,2.90721529393549
0.0857752,0.02,-1.20052845054211,2.62913816633317,2.8902657418014
0.0859236,0.02,-1.15003429618712,2.63253894522041,2.8727756926897
0.086072,0.02,-1.09940359709341,2.6344365463483,2.85463556098453
0.0862204,0.02,-1.04920790890647,2.63488279137832,2.83609671210512
0.0863688,0.02,-0.999163858921419,2.63398542078757,2.81712754661485
0.0865172,0.02,-0.949179050094546,2.63176291557477,2.79769850286499
0.0866656,0.02,-0.899419507667073,2.62822534312818,2.77786319048173
0.086814,0.02,-0.849835694021129,2.62344886853899,2.75766290047766
0.0869624,0.02,-0.800788745369472,2.61748505839359,2.73724142991153
0.0871108,0.02,-0.752062875814453,2.61042977276981,2.71660489724608
0.0872592,0.02,-0.703479527874665,2.6023122621521,2.69572115692368
0.0874076,0.02,-0.655344076387418,2.59322389503411,2.67474971319411
0.087556,0.02,-0.607784002034358,2.58322341170809,2.65376046167051
0.0877044,0.02,-0.56054477852235,2.57237638238974,2.63274204991776
0.0878528,0.02,-0.513667075695882,2.56076048214846,2.61177106798954
0.0880012,0.02,-0.467345436329957,2.54843717058846,2.59093492185646
0.0881496,0.02,-0.421467623578645,2.53548049420665,2.57027163821792
0.088298,0.02,-0.37607137770836,2.52198107606813,2.54986631594231
0.0884464,0.02,-0.33109035267281,2.5080208405214,2.52978049603571
0.0885948,0.02,-0.286530894230725,2.49361446294233,2.51002251845353
0.0887432,0.02,-0.242619398796596,2.47889535837748,2.49074012503469
0.0888916,0.02,-0.199136544340042,2.46398200389685,2.47201591394943
0.08904,0.02,-0.155768413476375,2.44876769993223,2.45371698589473
0.0891884,0.02,-0.113249904842001,2.4334782408894,2.43611204377567
0.0893368,0.02,-0.071108797171402,2.41820905090352,2.41925432208085
0.0894852,0.02,-0.0289982605932496,2.40285429140916,2.40302926425394
0.0896336,0.02,0.0123252990334403,2.38758530551584,2.38761711840727
0.089782,0.02,0.0533265510880487,2.37251545862875,2.37311468801728
0.0899304,0.02,0.0941386136213547,2.35761030835606,2.35948902193702
0.0900788,0.02,0.134585141446915,2.34285651222764,2.34671894294689
0.0902272,0.02,0.174697172789531,2.32845270772704,2.33499702661524
0.0903756,0.02,0.214564684026072,2.3143654056008,2.32429026463412
0.090524,0.02,0.254251027990993,2.30054702283304,2.31455399364552
0.0906724,0.02,0.293659914552933,2.28714899221145,2.30592425243959
0.0908208,0.02,0.332839188851787,2.27419822880189,2.29842544136659
0.0909692,0.02,0.372160611941992,2.26161302863479,2.29202901647681
0.0911176,0.02,0.411119964909643,2.24950258358479,2.28676223055698
0.091266,0.02,0.449962403023496,2.23786670046747,2.28265493081978
0.0914144,0.02,0.488995416499053,2.22662795328218,2.27969045260419
0.0915628,0.02,0.527988585547261,2.21584146266846,2.27787737469533
0.0917112,0.02,0.566828605114038,2.20552231129556,2.27719637563343
0.0918596,0.02,0.605796454623678,2.19560410907962,2.27764500048667
0.092008,0.02,0.645173141498358,2.18602395323646,2.27924309950352
0.0921564,0.02,0.684335632734599,2.17687513684538,2.28190723291852
0.0923048,0.02,0.723572364488458,2.16809137348925,2.28564589786999
0.0924532,0.02,0.763438261753349,2.15951851605747,2.29049300385398
0.0926016,0.02,0.803347860978994,2.15122976858224,2.2963356250718
0.09275,0.02,0.843338011567355,2.14316559329285,2.30312347954439
0.0928984,0.02,0.883619562254062,2.13521607764576,2.31082912155681
0.0930468,0.02,0.924355508120933,2.12736870487159,2.31951087771981
0.0931952,0.02,0.965200219104781,2.11956397311441,2.32898323289037
0.0933436,0.02,1.00647162760416,2.11171020721486,2.33929586338018
0.093492,0.02,1.04828394754166,2.10366845655308,2.35038724676805
0.0936404,0.02,1.09024174968824,2.09555278345595,2.36219570336863
0.0937888,0.02,1.13245998979725,2.08722788081474,2.37465489175627
0.0939372,0.02,1.17526850010865,2.07853729865834,2.38779675627168
0.0940856,0.02,1.21837621909964,2.06942158479637,2.40144671123235
0.094234,0.02,1.26181529287687,2.0598018257879,2.41556647494063
0.0943824,0.02,1.30549229288691,2.0497073379982,2.43014614750446
0.0945308,0.02,1.34944419597771,2.03897459831586,2.44508017263959
0.0946792,0.02,1.39385734134553,2.02747983788075,2.46038874591715
0.0948276,0.02,1.43868128599269,2.01520878618399,2.47605942872516
0.094976,0.02,1.48356767103131,2.00212675228987,2.49188373861303
0.0951244,0.02,1.52870604809101,1.98812412029419,2.50790344693841
0.0952728,0.02,1.57422703601898,1.9730490771162,2.52410646004526
0.0954212,0.02,1.61983564846138,1.95691435760308,2.5403506315112
0.0955696,0.02,1.66548184822618,1.93968031636969,2.55659725347636
0.095718,0.02,1.71122534347051,1.92121584747627,2.57281217906199
0.0958664,0.02,1.75714595043634,1.9014499135871,2.58902948322634
0.0960148,0.02,1.80298560439588,1.88036584820587,2.60509746703608
0.0961632,0.02,1.84852365542626,1.8579894217385,2.6209090781564
0.0963116,0.02,1.89405132843857,1.83419893443934,2.63661073460955
0.09646,0.02,1.93963916645408,1.80873561822216,2.65211700961103
0.0966084,0.02,1.98447238499949,1.78203704552758,2.66716828836469
0.0967568,0.02,2.02904632751571,1.75381592122498,2.68195810644895
0.0969052,0.02,2.07358128748872,1.72378842528946,2.69651365488575
0.0970536,0.02,2.11714047665486,1.69247503494694,2.71048990808101
0.097202,0.02,2.16014518964163,1.65960130050091,2.72406015296215
0.0973504,0.02,2.20269575491399,1.62505628325059,2.73727538118625
0.0974988,0.02,2.24436827129421,1.58894101365089,2.74989499473235
0.0976472,0.02,2.28510995018819,1.55136368421308,2.76196610499554
0.0977956,0.02,2.32497947516455,1.51224513412256,2.77352030921243
0.097944,0.02,2.36387586083776,1.47151064745784,2.7844663170944
0.0980924,0.02,2.40151359321412,1.42942175083869,2.79472969715551
0.0982408,0.02,2.43795007304495,1.38597382037609,2.80437586450671
0.0983892,0.02,2.47339142729529,1.34083710894016,2.81345149333143
0.0985376,0.02,2.50717380964894,1.29464305407679,2.82170536187938
0.098686,0.02,2.53947904219965,1.24724883048172,2.82923725603019
0.0988344,0.02,2.57045989330146,1.19836238892229,2.83607765730329
0.0989828,0.02,2.599759539515,1.14841299498245,2.84211225505676
0.0991312,0.02,2.62722696432956,1.09761854713695,2.84729485602025
0.0992796,0.02,2.65300951278219,1.04570592535067,2.85165922880457
0.099428,0.02,2.67711715867223,0.99260941664281,2.85521097911612
0.0995764,0.02,2.69911860088179,0.939104002989932,2.8578239186587
0.0997248,0.02,2.71916956324686,0.884922295484303,2.85954027471783
0.0998732,0.02,2.73740464551067,0.829651060852239,2.86036799661104
0.1000216,0.02,2.75348430088176,0.774102959084094,2.86022921921742
0.10017,0.02,2.76740417781791,0.718292428031277,2.85910298792665
0.1003184,0.02,2.77915345365569,0.662054274534971,2.85692313186693
0.1004668,0.02,2.78885385856186,0.605524153815688,2.85383344735981
0.1006152,0.02,2.79627086772382,0.549084211066103,2.84967089968701
0.1007636,0.02,2.80150956752228,0.492504528865977,2.84447122816744
0.100912,0.02,2.8045236847469,0.4358106693921,2.83818322838085
0.1010604,0.02,2.80536269683433,0.379597056766694,2.83092807861583
0.1012088,0.02,2.803970754449,0.323773149279968,2.82260182172406
0.1013572,0.02,2.80044456169034,0.268155768280508,2.8132538561536
0.1015056,0.02,2.79468505517811,0.213108943930078,2.8027985977624
0.101654,0.02,2.78671865150703,0.15868596844078,2.79123307504715
0.1018024,0.02,2.77671181425242,0.105111304808058,2.77870057505436
0.1019508,0.02,2.76463342454562,0.0524195365098743,2.76513033687795
0.1020992,0.02,2.75047813120658,0.000471409513598135,2.75047817160445
0.1022476,0.02,2.73445631818569,-0.0505982306974095,2.73492441157253
0.102396,0.02,2.71655221633786,-0.100385912004813,2.71840638525942
0.1025444,0.02,2.69678340272373,-0.149033554910723,2.70089831754095
0.1026928,0.02,2.67528282955111,-0.196649265819824,2.68250054088316
0.1028412,0.02,2.6521291381496,-0.242925666291982,2.66323146661448
0.1029896,0.02,2.62737785457156,-0.287753961684023,2.64308848379275
0.103138,0.02,2.60115290400188,-0.331230529271677,2.62215752645012
0.1032864,0.02,2.57353177575312,-0.373437691020917,2.60048486053775
0.1034348,0.02,2.54457126357737,-0.414092587719579,2.57804491555676
0.1035832,0.02,2.51448711616418,-0.453064988484318,2.5549781488588
0.1037316,0.02,2.483351183356,-0.490657686140434,2.53135893639055
0.10388,0.02,2.45101403099856,-0.526933502748983,2.50701589473843
0.1040284,0.02,2.41800331035878,-0.561241417972074,2.48228361356097
0.1041768,0.02,2.38426734032413,-0.594103007980321,2.4571709615384
0.1043252,0.02,2.34960499997959,-0.625726852891242,2.4314970183733
0.1044736,0.02,2.31459827925505,-0.655402675893621,2.40560135140862
0.104622,0.02,2.27920469568511,-0.683617384156285,2.37951818079916
0.1047704,0.02,2.24333993410107,-0.710463359853552,2.35315368083493
0.1049188,0.02,2.20719956457165,-0.735731115542321,2.32659196943134
0.1050672,0.02,2.17104864839907,-0.75953114976391,2.3000738686349
0.1052156,0.02,2.13481878093133,-0.781929282106308,2.27351371881333
0.105364,0.02,2.09849059886772,-0.802974618265431,2.24687138731053
0.1055124,0.02,2.06242344591823,-0.822661291382138,2.22044186382165
0.1056608,0.02,2.02664095423756,-0.841034304728016,2.19422247256796
0.1058092,0.02,1.99091453610591,-0.858348900736135,2.16806446524838
0.1059576,0.02,1.95571320412039,-0.874370277034231,2.14227391295599
0.106106,0.02,1.92102967571534,-0.889265538335529,2.11687227121764
0.1062544,0.02,1.88665796496853,-0.903212833703139,2.09171501398858
0.1064028,0.02,1.85278540420082,-0.916201510419172,2.06693951573672
0.1065512,0.02,1.81967146259077,-0.928198331091606,2.04273257515723
0.1066996,0.02,1.78714398142635,-0.939351476181318,2.01897617770801
0.106848,0.02,1.75498454758392,-0.949894365915976,1.99556259452247
0.1069964,0.02,1.72373384200667,-0.959597437185645,1.97283694195246
0.1071448,0.02,1.69327772049996,-0.968621222242944,1.95074767997323
0.1072932,0.02,1.6631793808964,-0.977258967128179,1.92904140491369
0.1074416,0.02,1.63381215634888,-0.98530563149255,1.90792278399423
0.10759,0.02,1.6053012231543,-0.9928786275577,1.88753807540975
0.1077384,0.02,1.5774464794728,-1.00005665179032,1.86773946319909
0.1078868,0.02,1.5500703424201,-1.00696069984235,1.84842849942251
0.1080352,0.02,1.52341295846194,-1.01352787660339,1.82976113158574
0.1081836,0.02,1.49734754284437,-1.01993753420773,1.81171803483539
0.108332,0.02,1.47164243748655,-1.02619118074528,1.79410139157483
0.1084804,0.02,1.44657073739811,-1.03227511342265,1.77712093231953
0.1086288,0.02,1.42206694806848,-1.03828224746096,1.76076813640564
0.1087772,0.02,1.3978047976189,-1.04428350054379,1.74481697657789
0.1089256,0.02,1.37391746440546,-1.05022001395513,1.72933839277056
0.109074,0.02,1.35035110813358,-1.05615665450861,1.71432639660609
0.1092224,0.02,1.32709434986314,-1.0620570157546,1.69974836906885
0.1093708,0.02,1.30405564059808,-1.06801827582244,1.6855931155728
0.1095192,0.02,1.28107365667408,-1.07408058882013,1.67176518240586
0.1096676,0.02,1.25808321225073,-1.08015588125278,1.65816467721155
0.109816,0.02,1.23522110064129,-1.08626119571579,1.64491171580342
0.1099644,0.02,1.21234091536922,-1.09247655520683,1.63195450878842
0.1101128,0.02,1.18923550401063,-1.09871075676561,1.61908814183535
0.1102612,0.02,1.16601098028953,-1.10492671271117,1.60637624690434
0.1104096,0.02,1.14264688157327,-1.11120380836419,1.59386818767808
0.110558,0.02,1.1190001489822,-1.11743547023186,1.58139917906722
0.1107064,0.02,1.09499165607931,-1.12360804320177,1.56891738521536
0.1108548,0.02,1.07065426098852,-1.12975684825333,1.55648677564192
0.1110032,0.02,1.04605287802244,-1.1357584960964,1.54407706578207
0.1111516,0.02,1.02102657127362,-1.14161669876701,1.53159522921379
0.1113,0.02,0.995346118758462,-1.14734807330036,1.51892116234964
0.1114484,0.02,0.969489570452881,-1.15281545165999,1.50628466526183
0.1115968,0.02,0.943160292569117,-1.1580281555883,1.49351282104115
0.1117452,0.02,0.916101890164386,-1.16298810126505,1.48046749266806
0.1118936,0.02,0.888822184646116,-1.1675679458258,1.46738535635292
0.112042,0.02,0.861081233506779,-1.17176393361762,1.45412915754571
0.1121904,0.02,0.832784904541196,-1.17557573531778,1.4406626970598
0.1123388,0.02,0.804038442603173,-1.17889464581921,1.42697946836139
0.1124872,0.02,0.774949864306149,-1.18169641017625,1.4131361215437
0.1126356,0.02,0.745453324525742,-1.18397530384159,1.39910620724563
0.112784,0.02,0.715514105465058,-1.1856664770211,1.38483408026055
0.1129324,0.02,0.685343175742637,-1.18671576661704,1.37039759897428
0.1130808,0.02,0.654929645455763,-1.1871373659839,1.35581265896584
0.1132292,0.02,0.624063615201914,-1.1869017514301,1.34096650344694
0.1133776,0.02,0.593229523614272,-1.18593803402004,1.32603555315193
0.113526,0.02,0.562303501960327,-1.1842461343594,1.31096305632998
0.1136744,0.02,0.531112033960685,-1.18179723297523,1.29565608572868
0.1138228,0.02,0.499996042331595,-1.17860296496702,1.28027379547357
0.1139712,0.02,0.469065889279336,-1.17461789751838,1.26481224442836
0.1141196,0.02,0.438156159136991,-1.16981292846486,1.24917697200726
0.114268,0.02,0.407290613691553,-1.164231009945,1.23341780776783
0.1144164,0.02,0.376918535939881,-1.15787912069238,1.21768289832387
0.1145648,0.02,0.346869830190906,-1.1507014115225,1.20184542166476
0.1147132,0.02,0.316941890163221,-1.14270452356237,1.18584391464903
0.1148616,0.02,0.287624116305383,-1.13401750313141,1.16992449743086
0.11501,0.02,0.258902638059314,-1.12451941137705,1.1539386823215
0.1151584,0.02,0.230710135203229,-1.11419480801825,1.13783005615967
0.1153068,0.02,0.20310376313624,-1.10325691358412,1.12179630770085
0.1154552,0.02,0.176281043483011,-1.09163386129263,1.10577551673571
0.1156036,0.02,0.150149135423668,-1.07924789232966,1.0896424991558
0.115752,0.02,0.124710435673383,-1.06620906423005,1.07347774146098
0.1159004,0.02,0.100191689430972,-1.05267553325067,1.05743281249242
0.1160488,0.02,0.0765995099459518,-1.03853028299121,1.04135134974405
0.1161972,0.02,0.053772877066105,-1.02386852798048,1.02527961303094
0.1163456,0.02,0.0319245231268917,-1.00871034757367,1.00921540836388
0.116494,0.02,0.011077834357919,-0.993060295555154,0.993122081630527
0.1166424,0.02,-0.00879445243175527,-0.977111901597561,0.97715147783605
0.1167908,0.02,-0.0276275857525548,-0.960793807308954,0.961190940270324
0.1169392,0.02,-0.0454954715133901,-0.944081922969685,0.945177504602371
0.1170876,0.02,-0.0625244546748758,-0.927178514641161,0.929284297427101
0.117236,0.02,-0.0784658848138553,-0.910090365272773,0.913466675934022
0.1173844,0.02,-0.093348337381639,-0.892774316735145,0.897641294011044
0.1175328,0.02,-0.107431206344672,-0.875325586011236,0.881893613551309
0.1176812,0.02,-0.120589449690367,-0.857815565874409,0.866250171967116
0.1178296,0.02,-0.132678783604645,-0.840249846591581,0.850660604657336
0.117978,0.02,-0.143956961594906,-0.822680479332045,0.835180685759459
0.1181264,0.02,-0.154539320597702,-0.805111530077926,0.819809110388034
0.1182748,0.02,-0.164171232684259,-0.787599290188055,0.804527709619623
0.1184232,0.02,-0.172977242744757,-0.770245745706779,0.789429943241939
0.1185716,0.02,-0.181216673905581,-0.752989712169267,0.774488856946411
0.11872,0.02,-0.18880918065315,-0.735754665165684,0.759594519472055
0.1188684,0.02,-0.195590982995092,-0.718868802240807,0.745002139234593
0.1190168,0.02,-0.201922214152494,-0.702142329662364,0.730600049050051
0.1191652,0.02,-0.20784508362821,-0.685452337439428,0.71627123751383
0.1193136,0.02,-0.213105782376021,-0.669180162850728,0.702293503341035
0.119462,0.02,-0.218035281002418,-0.653117521173162,0.688550564755544
0.1196104,0.02,-0.222663153200659,-0.637208979203813,0.674991972523545
0.1197588,0.02,-0.226919171169892,-0.621575908193029,0.661701533843182
0.1199072,0.02,-0.230944418157534,-0.606219528236728,0.648719847618125
0.1200556,0.02,-0.234763097723487,-0.591093803727574,0.636007544654826
0.120204,0.02,-0.238431094141755,-0.576150163113617,0.623537005405038
0.1203524,0.02,-0.241985304794569,-0.561474917925919,0.611400826951058
0.1205008,0.02,-0.245440397255774,-0.547069456825387,0.599604852545654
0.1206492,0.02,-0.248913874910344,-0.53275401970813,0.588034831143575
0.1207976,0.02,-0.252349556847823,-0.518687384319288,0.576816176518376
0.120946,0.02,-0.255787259972578,-0.504874150156854,0.56597264055861
0.1210944,0.02,-0.259292143769904,-0.491182053471242,0.555420764351693
0.1212428,0.02,-0.26288017885562,-0.477536958986059,0.545112406419828
0.1213912,0.02,-0.266511334387467,-0.464153534776056,0.535225929119746
0.1215396,0.02,-0.270230971092261,-0.450949995813431,0.525719199251463
0.121688,0.02,-0.274090917995232,-0.437604304606622,0.516355845069768
0.1218364,0.02,-0.277990589538924,-0.424475877909302,0.507403723674818
0.1219848,0.02,-0.281992041866029,-0.41155178789492,0.498893160702046
0.1221332,0.02,-0.286117533729175,-0.398497935306424,0.490575017250928
0.1222816,0.02,-0.290236913386816,-0.385410596461579,0.482471547095967
0.12243,0.02,-0.294441018308275,-0.372530185637076,0.474841291878885
0.1225784,0.02,-0.298718434886659,-0.359730208919672,0.467587988030623
0.1227268,0.02,-0.302919757305813,-0.346756284990344,0.4604349037014
0.1228752,0.02,-0.307081325339012,-0.333850172662529,0.453602114367608
0.1230236,0.02,-0.311280857416608,-0.321020606341609,0.447157692419523
0.123172,0.02,-0.315344822205922,-0.308072521434755,0.440852623169299
0.1233204,0.02,-0.319229400873843,-0.295153025509543,0.434767430760067
0.1234688,0.02,-0.323041317039873,-0.282323852719158,0.429024999655084
0.1236172,0.02,-0.326589355846385,-0.269400782502554,0.423364369031152
0.1237656,0.02,-0.329897563044932,-0.256538920799822,0.417905037045645
0.123914,0.02,-0.332988306971665,-0.243750848739865,0.412668982165198
0.1240624,0.02,-0.335662561173931,-0.231009280031097,0.407473486786967
0.1242108,0.02,-0.338050026800332,-0.218378465226024,0.402451207842862
0.1243592,0.02,-0.34011499021905,-0.20581428193969,0.3975395895028
0.1245076,0.02,-0.341589402277402,-0.193312920632792,0.392496121040467
0.124656,0.02,-0.34265241827083,-0.181018878177966,0.387528726681851
0.1248044,0.02,-0.343354282845375,-0.168895136438776,0.382645698605034
0.1249528,0.02,-0.34341593336164,-0.156933017836529,0.377574463349849
0.1251012,0.02,-0.34290404270898,-0.145235287848898,0.372392899157213
0.1252496,0.02,-0.341983017566636,-0.133799574980704,0.367225694320263
0.125398,0.02,-0.340423755321026,-0.122668165524389,0.361850538233659
0.1255464,0.02,-0.338188194144803,-0.111872984277397,0.356211761835644
0.1256948,0.02,-0.335495133079658,-0.101416673824763,0.350488696037141
0.1258432,0.02,-0.332208504354909,-0.0913934350912837,0.344550795012158
0.1259916,0.02,-0.328240761858048,-0.0818216130567157,0.338285048603031
0.12614,0.02,-0.323758439767354,-0.0726482008939879,0.331809114422321
0.1262884,0.02,-0.318765657183034,-0.064019949875354,0.32513089392024
0.1264368,0.02,-0.313180731293711,-0.0559477188407015,0.318138833997269
0.1265852,0.02,-0.307041731034447,-0.0483552125057024,0.310826078656701
0.1267336,0.02,-0.300502591546565,-0.0413752876051034,0.303337636884391
0.126882,0.02,-0.293503663846294,-0.0350138677430241,0.295584795998584
0.1270304,0.02,-0.286041358763513,-0.0292487911337169,0.287532868914252
0.1271788,0.02,-0.278243219021599,-0.0241019528311824,0.279285146511193
0.1273272,0.02,-0.27014925178934,-0.01960331052183,0.270859572520071
0.1274756,0.02,-0.26175850828324,-0.0157524048171465,0.262232063097155
0.127624,0.02,-0.253122652707794,-0.0125520257680284,0.253433680999018
0.1277724,0.02,-0.244381506827235,-0.00999823449514978,0.244585947209094
0.1279208,0.02,-0.235534882052798,-0.00807881677641551,0.235673392524765
0.1280692,0.02,-0.226571344489881,-0.0067697368397029,0.226672458584697
0.1282176,0.02,-0.217700875107697,-0.00612210403140691,0.217786939875715
0.128366,0.02,-0.208897208104995,-0.00602348107654641,0.208984032591826
0.1285144,0.02,-0.200173860305344,-0.00647293490552052,0.200278489199002
0.1286628,0.02,-0.191718877204221,-0.00749695370738717,0.191865401235705
0.1288112,0.02,-0.183526050549241,-0.00901975380733548,0.183747563763299
0.1289596,0.02,-0.175646717925668,-0.0110124630854541,0.175991601678227
0.129108,0.02,-0.168159897782546,-0.0133883059368558,0.168692021026767
0.1292564,0.02,-0.161066121019503,-0.0161459971748359,0.161873372007378
0.1294048,0.02,-0.154426381915077,-0.0192320282781455,0.155619337947032
0.1295532,0.02,-0.148362111579316,-0.0225547641571465,0.150066763603597
0.1297016,0.02,-0.142876282790858,-0.0261127849321016,0.145242933463365
0.12985,0.02,-0.137982091714841,-0.0298375030026561,0.141171293893045
0.1299984,0.02,-0.13372819699049,-0.0335977798906332,0.137884159655512
0.1301468,0.02,-0.13011750729033,-0.0373904066969744,0.135383190302246
0.1302952,0.02,-0.127170985588556,-0.041147235456485,0.133662090965524
0.1304436,0.02,-0.124940955149996,-0.044764285074652,0.132718060157757
0.130592,0.02,-0.123429780477445,-0.0482399482056778,0.132521708831409
0.1307404,0.02,-0.122618523813892,-0.0514946397311758,0.132992482130915
0.1308888,0.02,-0.122496319521999,-0.0543897263864966,0.134028320264165
0.1310372,0.02,-0.123064386405908,-0.0569226979831131,0.13559143316279
0.1311856,0.02,-0.124288389490552,-0.059027266702056,0.137592957583122
0.131334,0.02,-0.126145224747216,-0.0606286237013846,0.139958735841854
0.1314824,0.02,-0.128635995381554,-0.0617265964305596,0.142679332822607
0.1316308,0.02,-0.131703453040251,-0.0622486902555403,0.145673261037349
0.1317792,0.02,-0.135269728963206,-0.0620790331424835,0.148834491733888
0.1319276,0.02,-0.139334688105542,-0.0612161413085058,0.152189261336573
0.132076,0.02,-0.143823229257745,-0.059624100941964,0.155692500420744
0.1322244,0.02,-0.148642186193318,-0.0572928849503113,0.159301519711076
0.1323728,0.02,-0.153791405819234,-0.0542250395334948,0.163071001150619
0.1325212,0.02,-0.159180973789635,-0.050372673247279,0.166961039247764
0.1326696,0.02,-0.164686775976989,-0.0456706613325792,0.170902145943959
0.132818,0.02,-0.170308253844598,-0.0401187722536905,0.174969760858096
0.1329664,0.02,-0.175938452091573,-0.0337342669149135,0.179143349551876
0.1331148,0.02,-0.181461450508547,-0.0265919029888072,0.183399529239396
0.1332632,0.02,-0.186878433176166,-0.0186950023167362,0.187811213451171
0.1334116,0.02,-0.192080585369402,-0.0100355552972894,0.192342568470885
0.13356,0.02,-0.196930372916457,-0.00061216940035292,0.196931324396068
0.1337084,0.02,-0.201427707696998,0.00957464793755252,0.201655139560575
0.1338568,0.02,-0.205462080339946,0.0204405071924505,0.206476344388172
0.1340052,0.02,-0.208947321765852,0.0318354765301507,0.211358654516498
0.1341536,0.02,-0.211886237630488,0.0437569951143124,0.216357233109128
0.134302,0.02,-0.214176111971073,0.0561676742046564,0.221418640960073
0.1344504,0.02,-0.215702648297023,0.0690092795408567,0.226472764687274
0.1345988,0.02,-0.216466475299247,0.0822811475997391,0.231577032926
0.1347472,0.02,-0.216391204357233,0.0958396486978728,0.236665146537688
0.1348956,0.02,-0.215463085357284,0.109492241589694,0.241687591986052
0.135044,0.02,-0.213686217415508,0.123238004069285,0.246676721966887
0.1351924,0.02,-0.210989598917202,0.137003008723729,0.251567953544556
0.1353408,0.02,-0.207313328482058,0.150690776846672,0.256293828238144
0.1354892,0.02,-0.202658704715161,0.164300958206282,0.260893379495014
0.1356376,0.02,-0.197014502193637,0.17765803691796,0.26528681112364
0.135786,0.02,-0.190461840409295,0.190576562965242,0.269434851130548
0.1359344,0.02,-0.183005272616366,0.203057762726357,0.273355784297358
0.1360828,0.02,-0.174622959130354,0.215011697365001,0.276989544674921
0.1362312,0.02,-0.165324758633619,0.226337186469447,0.280286991842593
0.1363796,0.02,-0.155112337147216,0.23703451943015,0.283275838250906
0.136528,0.02,-0.144053852292882,0.246936623599167,0.285883207682746
0.1366764,0.02,-0.132318519136291,0.255918514283148,0.288101503743585
0.1368248,0.02,-0.119910278734638,0.263983460724662,0.289940929298345
0.1369732,0.02,-0.106860038926023,0.271052139845017,0.291356020074811
0.1371216,0.02,-0.0932413937224866,0.277054525256217,0.2923237374355
0.13727,0.02,-0.0790559359418646,0.281991625066631,0.292863650211773
0.1374184,0.02,-0.0644425301560547,0.285747502895016,0.292924009093914
0.1375668,0.02,-0.0496228298596408,0.288298599762948,0.292538045164309
0.1377152,0.02,-0.0345992612186982,0.289649536853706,0.291708695579076
0.1378636,0.02,-0.0194430931809184,0.289756433649321,0.290408031420646
0.138012,0.02,-0.00426552291461901,0.288607424637109,0.288638944429541
0.1381604,0.02,0.0109323364112276,0.286204056861841,0.286412775803707
0.1383088,0.02,0.0259719309396877,0.282513996939717,0.283705304257059
0.1384572,0.02,0.0406341272797442,0.277630407020352,0.280588266329996
0.1386056,0.02,0.0549184510695311,0.271558214330787,0.27705577062823
0.138754,0.02,0.0687387872225039,0.264303978647963,0.273096345632752
0.1389024,0.02,0.0819848568957737,0.25592322288128,0.268734465169918
0.1390508,0.02,0.0946562533624196,0.246417676170984,0.263972493699852
0.1391992,0.02,0.106580440921964,0.235850211135944,0.258814050004998
0.1393476,0.02,0.117598952139708,0.224414162812565,0.253359882410814
0.139496,0.02,0.127713113082297,0.212113704484124,0.247594149533364
0.1396444,0.02,0.136853359012658,0.199005420998934,0.241520184373916
0.1397928,0.02,0.144949370886046,0.185199989923033,0.235179413188638
0.1399412,0.02,0.152001430790616,0.170698928112766,0.228566312087415
0.1400896,0.02,0.157890526574222,0.155645894250011,0.221709410668043
0.140238,0.02,0.162562398096282,0.140289209270566,0.214726792721763
0.1403864,0.02,0.166019521990803,0.124631545845937,0.20759456616685
0.1405348,0.02,0.168236513889313,0.108762598143618,0.200331793184654
0.1406832,0.02,0.169210215367829,0.0928174959721465,0.192995296687164
0.1408316,0.02,0.168941367246882,0.0767972531280191,0.185577486930001
0.14098,0.02,0.167399341674436,0.060888276724643,0.178128947213897
0.1411284,0.02,0.164649107986003,0.0453321190439633,0.170775670918321
0.1412768,0.02,0.160693402756156,0.0301297182330834,0.163493637827767
0.1414252,0.02,0.15556576637575,0.0153746192020762,0.156323659705379
0.1415736,0.02,0.149336631346108,0.0011862347901849,0.149341342617444
0.141722,0.02,0.142006862376467,-0.012435022395127,0.142550267428638
0.1418704,0.02,0.133644902921472,-0.0253118145596238,0.136020763242935
0.1420188,0.02,0.124415928614886,-0.037270101054269,0.129878342019368
0.1421672,0.02,0.114322123716431,-0.0483103909923847,0.124110603289453
0.1423156,0.02,0.103452209174359,-0.0583683880048712,0.118782272672914
0.142464,0.02,0.091933311802983,-0.0673776653275242,0.11398018952455
0.1426124,0.02,0.0797661149093921,-0.0753383095684076,0.109720070982312
0.1427608,0.02,0.0670998964638247,-0.0821328991377751,0.106057575053515
0.1429092,0.02,0.0541518221866204,-0.087696787830814,0.103068649171191
0.1430576,0.02,0.0409230481276023,-0.0920312944292076,0.100719685376641
0.143206,0.02,0.0275352297950012,-0.0951278784094138,0.0990328335984574
0.1433544,0.02,0.014136773419793,-0.0969955803977082,0.0980203600248991
0.1435028,0.02,0.000728010756032248,-0.0976347534398255,0.0976374675978254
0.1436512,0.02,-0.0125041118132989,-0.0970223897826456,0.0978248277860743
0.1437996,0.02,-0.0253538546873572,-0.0952136689891574,0.0985315214024652
0.143948,0.02,-0.0378211237182273,-0.0922100042971313,0.0996650505031048
0.1440964,0.02,-0.0497860923259401,-0.0880694199736402,0.101167572490302
0.1442448,0.02,-0.0611221773725776,-0.0828765503699707,0.102977877080425
0.1443932,0.02,-0.0718293960327047,-0.0766317620933863,0.105032800095782
0.1445416,0.02,-0.081739196056378,-0.0694134068355629,0.10723580195281
0.14469,0.02,-0.0907169168188862,-0.0613721953070152,0.109526733512541
0.1448384,0.02,-0.0987631900914473,-0.052509105753599,0.111854252954825
0.1449868,0.02,-0.105796839751799,-0.0429391473049758,0.114178551719429
0.1451352,0.02,-0.111750363747477,-0.0327996531108909,0.116464419639168
0.1452836,0.02,-0.116623991231286,-0.0220908326786862,0.118697768383205
0.145432,0.02,-0.120319788832004,-0.0109685643377772,0.12081871125041
0.1455804,0.02,-0.122811983661743,0.000372649926389754,0.122812549028591
0.1457288,0.02,-0.124101432914205,0.011932456838961,0.124673771008871
0.1458772,0.02,-0.124172657983744,0.0235672271925162,0.126389331781965
0.1460256,0.02,-0.123036701746275,0.0351261863362981,0.127952643361261
0.146174,0.02,-0.120693823939839,0.0466093190431806,0.129380940477683
0.1463224,0.02,-0.117148724952222,0.0578315913994083,0.130645768097246
0.1464708,0.02,-0.112488989331883,0.0686181324568744,0.131765780166087
0.1466192,0.02,-0.106715276326255,0.0789690705699699,0.132756409668513
0.1467676,0.02,-0.0998856500131772,0.0887514664416116,0.133618733245348
0.146916,0.02,-0.0920848820473199,0.097844687971799,0.134362228568774
0.1470644,0.02,-0.0833131329418824,0.106248835168338,0.135018121358655
0.1472128,0.02,-0.0736787876149212,0.113808385945263,0.135576223785259
0.1473612,0.02,-0.0633527248625138,0.120423775413057,0.136071501175815
0.1475096,0.02,-0.0523352326254029,0.126095284451173,0.13652471327484
0.147658,0.02,-0.0407427890344479,0.130738978275526,0.136940334813502
0.1478064,0.02,-0.0287060067840933,0.134298549019198,0.137332207053372
0.1479548,0.02,-0.0162249260084242,0.136774087708878,0.137733072617199
0.1481032,0.02,-0.00348045699695999,0.138090104511832,0.138133958695885
0.1482516,0.02,0.00932837589662083,0.138253580826039,0.138567929940844
0.1484,0.02,0.0222015458048746,0.137264648009486,0.139048524728937
