theta_deg,frequency_hz,central_six_probe_rms_pa,coherent_probe_real_pa,coherent_probe_imag_pa,coherent_probe_abs_pa,coherent_probe_phase_rad
6.8,179960,0.592582869680077,-0.147678169978748,0.00849867034571761,0.147922511085761,3.08410746896864
6.8,179962,0.591929456116979,-0.147338777624056,0.00840385922271595,0.14757825124857,3.08461672576106
6.8,179964,0.591255809376943,-0.147001888818106,0.00829942639960032,0.147235986751382,3.08519456816775
6.8,179966,0.590562424533101,-0.146668169921491,0.00818535044798868,0.146896398969055,3.0858418505579
6.8,179968,0.589849945277289,-0.146338300414525,0.00806166801729844,0.146560187839102,3.08655902562762
6.8,179970,0.58911916512354,-0.146012966675135,0.00792847633356312,0.146228065617535,3.08734611658475
6.8,179972,0.588371026395749,-0.145692855305521,0.0077859349038825,0.145900750064566,3.08820269443665
6.8,179974,0.587606616865819,-0.145378646113127,0.00763426634088521,0.145578957161567,3.0891278612615
6.8,179976,0.586827163996662,-0.14507100489991,0.00747375624268757,0.145263393513455,3.09012024023455
6.8,179978,0.586034026770773,-0.144770576188942,0.0073047520828635,0.14495474857027,3.09117797304683
6.8,179980,0.585228685193762,-0.144477976060636,0.00712766109492158,0.144653686849875,3.09229872515679
6.8,179982,0.58441272760814,-0.14419378525515,0.00694294716449497,0.14436084033261,3.09347969909083
6.8,179984,0.583587836028169,-0.143918542697407,0.00675112676961424,0.144076801202708,3.09471765578728
6.8,179986,0.58275576978225,-0.143652739602818,0.00655276404378365,0.143802115116603,3.09600894369526
6.8,179988,0.581918347781388,-0.143396814296009,0.00634846505508108,0.143537275154573,3.09734953514631
6.8,179990,0.581077429801372,-0.143151147855378,0.00613887142920894,0.143282716594628,3.09873506920682
6.8,179992,0.580234897183943,-0.142916060697772,0.00592465345492815,0.143038812648632,3.10016090007905
6.8,179994,0.579392633369296,-0.142691810130226,0.00570650282757079,0.142805871212501,3.10162214990523
6.8,179996,0.578552504697874,-0.142478588948985,0.00548512519557021,0.142584132733292,3.10311376471863
6.8,179998,0.577716341875117,-0.142276525058339,0.00526123267551613,0.142373769184994,3.10463057219437
6.8,180000,0.576885922481118,-0.142085682101856,0.00503553649514795,0.142174884160824,3.10616733985794
6.8,180002,0.576062954862187,-0.14190606105939,0.00480873991863336,0.141987514046117,3.10771883240141
6.8,180004,0.57524906366287,-0.141737602688423,0.00458153158875746,0.141811630156205,3.10927986685957
6.8,180006,0.57444577726351,-0.141580190808305,0.0043545794020596,0.141647141838743,3.11084536455375
6.8,180008,0.57365451722972,-0.141433656208003,0.00412852501487284,0.141493900317865,3.11241039879374
6.8,180010,0.57287658989598,-0.141297781123683,0.00390397905230599,0.141351703219017,3.11397023757216
6.8,180012,0.57211318011119,-0.141172304150949,0.00368151706509099,0.14122029962859,3.11552038068505
6.8,180014,0.571365347088607,-0.141056925417572,0.00346167626146467,0.141099395501177,3.11705659086831
6.8,180016,0.570634022317588,-0.14095131196727,0.00324495301422512,0.140988659350174,3.11857491879494
6.8,180018,0.569920009373937,-0.14085510316957,0.00303180112553153,0.140887728021197,3.12007172191747
6.8,180020,0.569223985481938,-0.140767916082438,0.00282263081382541,0.140796212459367,3.12154367733174
6.8,180022,0.568546504631798,-0.140689350664229,0.00261780837338083,0.140713703351884,3.12298778896812
6.8,180024,0.567888002054382,-0.140618994764797,0.00241765644654226,0.140639776561809,3.12440138953011
6.8,180026,0.56724879981522,-0.140556428809133,0.00222245483808009,0.140573998253888,3.12578213770169
6.8,180028,0.566629113337336,-0.140501230148286,0.00203244180535223,0.140515929676581,3.12712801114677
6.8,180030,0.566029058613935,-0.140452977019569,0.00184781574014026,0.140465131533306,3.12843729596283
6.8,180032,0.565448659927362,-0.140411252109418,0.00166873717757578,0.140421167929562,3.12970857313027
6.8,180034,0.564887857875658,-0.140375645694212,0.00149533105422017,0.140383609866069,3.1309407025982
6.8,180036,0.56434651754611,-0.140345758369405,0.00132768915335219,0.140352038285062,3.13213280553925
6.8,180038,0.563824436681767,-0.140321203369083,0.00116587267188599,0.140326046670013,3.13328424532948
6.8,180040,0.563321353715381,-0.140301608494171,0.00100991485642256,0.140305243216598,3.13439460771317
6.8,180042,0.562836955562718,-0.140286617670151,0.000859823657624992,0.140289252596388,3.13546368059401
6.8,180044,0.562370885090432,-0.140275892160488,0.000715584363396175,0.140277717341002,3.13649143380584
6.8,180046,0.561922748190654,-0.140269111463729,0.000577162173834596,0.140270298876843,3.13747799919
6.8,180048,0.561492120413956,-0.140265973927505,0.00044450469156293,0.140266678246304,3.13842365122147
6.8,180050,0.561078553120054,-0.140266197100622,0.00031754430149511,0.140266556539518,3.13932878841359
6.8,180052,0.560681579143491,-0.140269517873668,0.00019620042867922,0.140269655090185,3.14019391561949
6.8,180054,0.560300717942467,-0.140275692410785,8.03816572623554e-05,0.140275715441184,3.14101962737917
6.8,180056,0.559935480264594,-0.140284495936398,-3.00122969770407e-05,0.140284499146795,-3.14137871479122
6.8,180058,0.559585372298307,-0.140295722355612,-0.000135088755450504,0.140295787393118,-3.14062976811165
6.8,180060,0.559249899376617,-0.140309183790758,-0.000234960403914186,0.140309380521831,-3.13991806481423
6.8,180062,0.558928569212649,-0.140324710005421,-0.000329743759012624,0.140325097431115,-3.13924279552082
6.8,180064,0.558620894718115,-0.140342147768131,-0.000419557780004705,0.140342774908089,-3.13860312737279
6.8,180066,0.558326396422991,-0.140361360160174,-0.000504522619035645,0.140362266899217,-3.13799821388325
6.8,180068,0.558044604529309,-0.140382225847125,-0.000584758498640499,0.140383443739976,-3.13742720377544
6.8,180070,0.557775060627118,-0.140404638326939,-0.000660384713407569,0.140406191358103,-3.13688924883345
6.8,180072,0.557517319105807,-0.140428505168593,-0.000731518744523226,0.140430410465679,-3.13638351085196
6.8,180074,0.557270948286283,-0.140453747246449,-0.000798275480028624,0.140456015746252,-3.13590916774226
6.8,180076,0.557035531306818,-0.140480297985746,-0.000860766529808969,0.140482935053275,-3.13546541887999
6.8,180078,0.556810666785926,-0.140508102617732,-0.0009190996298958,0.140511108619087,-3.13505148974028
6.8,180080,0.556595969289235,-0.140537117457201,-0.000973378124973038,0.140540488287729,-3.13466663590629
6.8,180082,0.556391069624822,-0.140567309203047,-0.00102370051993247,0.140571036772657,-3.13431014652336
6.8,180084,0.556195614989036,-0.140598654264123,-0.00107016009701727,0.140602726941961,-3.13398134722958
6.8,180086,0.556009268979461,-0.140631138116365,-0.00111284458518442,0.140635541137278,-3.13367960266408
6.8,180088,0.555831711495231,-0.140664754687565,-0.00115183587957202,0.140669470522947,-3.13340431857345
6.8,180090,0.555662638546681,-0.140699505778331,-0.00118720980225891,0.140704514474061,-3.13315494358427
6.8,180092,0.555501761977963,-0.140735400509741,-0.00121903589699209,0.140740679993935,-3.13293097069786
6.8,180094,0.555348809124239,-0.140772454805369,-0.00124737725566548,0.140777981168745,-3.13273193852723
6.8,180096,0.555203522413373,-0.14081069090542,-0.00127229036784138,0.140816438657004,-3.13255743234177
6.8,180098,0.555065658918735,-0.140850136906576,-0.00129382499099756,0.140856079207496,-3.13240708493845
6.8,180100,0.554934989875757,-0.140890826334932,-0.00131202403580507,0.140896935212979,-3.13228057738324
6.8,180102,0.554811300169276,-0.140932797746864,-0.00132692346254161,0.140939044294454,-3.13217763965224
6.8,180104,0.554694387795236,-0.140976094351401,-0.00133855218603899,0.140982448909536,-3.13209805119221
6.8,180106,0.554584063304259,-0.141020763659747,-0.00134693198371943,0.141027195990515,-3.13204164144108
6.8,180108,0.55448014923412,-0.141066857160672,-0.00135207740772024,0.141073336610806,-3.13200829030234
6.8,180110,0.554382479530848,-0.14111443001168,-0.00135399568940756,0.141120925669612,-3.13199792865633
6.8,180112,0.554290898956541,-0.141163540748011,-0.00135268665056443,0.141170021596974,-3.13201053880788
6.8,180114,0.554205262502796,-0.141214251015077,-0.00134814259673662,0.141220686084618,-3.13204615504459
6.8,180116,0.554125434792525,-0.141266625310344,-0.0013403482098517,0.141272983828816,-3.13210486418369
6.8,180118,0.554051289481477,-0.141320730739144,-0.00132928042700997,0.141326982289651,-3.13218680620023
6.8,180120,0.553982708657193,-0.141376636781387,-0.00131490830808721,0.141382751463801,-3.1322921749174
6.95,179960,0.604250239542598,-0.144954797448195,0.0102169379810866,0.145314414718418,3.07122541242449
6.95,179962,0.603552559552756,-0.144605447409597,0.0101221510258619,0.144959281737735,3.07170823674955
6.95,179964,0.602833323496998,-0.144258724853415,0.0100170992131479,0.144606092447654,3.07226550654856
6.95,179966,0.602093092400802,-0.143915341086201,0.00990176266564689,0.144255572869281,3.07289822209915
6.95,179968,0.601332586515579,-0.143576021086316,0.0097761835314533,0.143908469505512,3.07360694962621
6.95,179970,0.600552686314674,-0.143241496857658,0.00964046861574689,0.143565542722318,3.07439179016336
6.95,179972,0.599754431096088,-0.142912500290041,0.00949479116352162,0.143227559493241,3.07525235385955
6.95,179974,0.598939015080851,-0.142589755680324,0.00933939170211577,0.142895285654706,3.07618774073318
6.95,179976,0.598107780922349,-0.142273972029529,0.00917457787339212,0.142569477786145,3.07719652873365
6.95,179978,0.597262210650848,-0.141965835295996,0.00900072321117731,0.142250874899293,3.07827676982906
6.95,179980,0.596403914128034,-0.141666000759708,0.00881826484617125,0.141940190101841,3.07942599463532
6.95,179982,0.595534615178207,-0.141375085681389,0.00862770015235596,0.141638102434829,3.08064122586897
6.95,179984,0.594656135623958,-0.141093662416684,0.0084295823817249,0.14134524906513,3.08191900062742
6.95,179986,0.59377037753372,-0.140822252153086,0.00822451536467957,0.141062218026129,3.0832554012354
6.95,179988,0.592879304037697,-0.140561319410926,0.00801314737969002,0.140789541676465,3.08464609413535
6.95,179990,0.591984919121776,-0.140311267436332,0.00779616432483541,0.140527691035503,3.08608637601494
6.95,179992,0.591089246841759,-0.140072434582267,0.00757428234453124,0.140277071122968,3.08757122612692
6.95,179994,0.590194310403368,-0.139845091749727,0.00734824007321535,0.140038017404786,3.08909536360873
6.95,179996,0.589302111571741,-0.139629440921344,0.0071187906761816,0.139810793405583,3.09065330838854
6.95,179998,0.588414610837084,-0.139425614798948,0.00688669386038902,0.139595589523421,3.09223944424403
6.95,180000,0.58753370874307,-0.139233677516811,0.00665270802820715,0.139392523038232,3.09384808251083
6.95,180002,0.58666122873021,-0.13905362636876,0.00641758273884814,0.139201639266614,3.09547352494566
6.95,180004,0.585798901791227,-0.138885394483087,0.00618205161306055,0.139022913805132,3.09711012443412
6.95,180006,0.584948353171192,-0.138728854316154,0.00594682581968781,0.138856255736651,3.09875234218326
6.95,180008,0.584111091275104,-0.138583821876281,0.00571258823213959,0.138701511708225,3.10039480042526
6.95,180010,0.583288498877272,-0.138450061524587,0.00547998833785882,0.138558470720289,3.10203232969493
6.95,180012,0.582481826652367,-0.13832729122154,0.00524963795406452,0.138426869484712,3.10366001000025
6.95,180014,0.581692188992087,-0.138215188087276,0.00502210776201941,0.138306398204762,3.10527320554195
6.95,180016,0.580920562017225,-0.138113394137433,0.00479792467873136,0.138196706622787,3.10686759263517
6.95,180018,0.580167783635094,-0.138021522073583,0.00457757003131602,0.13809741019621,3.10843918092772
6.95,180020,0.579434555466046,-0.137939161007641,0.00436147850385908,0.138008096263341,3.10998432802417
6.95,180022,0.578721446432093,-0.137865882027851,0.00415003780004105,0.137928330088706,3.11149974786972
6.95,180024,0.578028897777778,-0.137801243514096,0.00394358895930338,0.13785766067909,3.11298251332708
6.95,180026,0.577357229292645,-0.137744796142261,0.0037424272488348,0.137795626294835,3.11443005353372
6.95,180028,0.576706646492682,-0.137696087507625,0.00354680356145506,0.137741759573526,3.11584014659528
6.95,180030,0.576077248537912,-0.137654666351478,0.00335692622955736,0.137695592238994,3.11721090834717
6.95,180032,0.575469036661328,-0.137620086342677,0.00317296318473048,0.13765665933887,3.11854077778271
6.95,180034,0.574881922918849,-0.137591909424668,0.0029950443850143,0.137624503014522,3.11982849982037
6.95,180036,0.57431573906531,-0.137569708709174,0.00282326443318951,0.137598675779916,3.12107310606972
6.95,180038,0.573770245409794,-0.137553070939386,0.0026576853277032,0.137578743329617,3.12227389412875
6.95,180040,0.573245139509412,-0.137541598533971,0.00249833928308624,0.137564286885999,3.12343040597226
6.95,180042,0.572740064584163,-0.137534911233574,0.00234523156847492,0.137554905107512,3.12454240589965
6.95,180044,0.572254617572021,-0.137532647383883,0.00219834332146529,0.137550215593355,3.12560985844009
6.95,180046,0.571788356740406,-0.137534464878346,0.00205763429817622,0.137549856009659,3.12663290657452
6.95,180048,0.571340808813827,-0.137540041797852,0.00192304553108543,0.137553484877227,3.12761185054756
6.95,180050,0.57091147557701,-0.137549076781259,0.00179450186864072,0.137560782057726,3.12854712751338
6.95,180052,0.570499839935789,-0.137561289154694,0.00167191438160761,0.13757144896962,3.12943929216948
6.95,180054,0.570105371430156,-0.137576418858374,0.00155518262185554,0.137585208575929,3.13028899851859
6.95,180056,0.569727531201789,-0.137594226194879,0.00144419672425655,0.137601805171102,3.13109698285322
6.95,180058,0.569365776426934,-0.137614491431908,0.00133883935268725,0.137621004003295,3.13186404797568
6.95,180060,0.569019564245158,-0.13763701428628,0.00123898748441376,0.137642590761828,3.13259104870855
6.95,180062,0.568688355191417,-0.137661613309093,0.00114451403663607,0.13766637095254,3.1332788786758
6.95,180064,0.568371616174916,-0.137688125197084,0.00105528934330895,0.137692169188687,3.13392845829923
6.95,180066,0.568068823029228,-0.13771640404881,0.000971182481951956,0.137719828418236,3.13454072401226
6.95,180068,0.567779462668657,-0.137746320583619,0.000892062463723642,0.137749209107582,3.1351166185918
6.95,180070,0.567503034880968,-0.137777761333229,0.000817799291689736,0.137780188393243,3.13565708256737
6.95,180072,0.567239053793937,-0.137810627827003,0.000748264898240036,0.137812659224147,3.13616304662176
6.95,180074,0.56698704904293,-0.13784483577195,0.000683333969986285,0.137846529496793,3.13663542491519
6.95,180076,0.566746566675164,-0.137880314244389,0.00062288467003709,0.137881721201339,3.13707510925342
6.95,180078,0.566517169814961,-0.137917004893942,0.000566799266276138,0.137918169580096,3.13748296402893
6.95,180080,0.566298439123342,-0.137954861172311,0.000514964676733454,0.137955822311673,3.13785982184678
6.95,180082,0.56608997307128,-0.137993847584254,0.000467272938404687,0.137994638718703,3.13820647978104
6.95,180084,0.565891388056085,-0.138033938969053,0.000423621609611939,0.138034589007902,3.13852369618109
6.95,180086,0.565702318377855,-0.13807511981445,0.000383914113207373,0.13807565354479,3.13881218796805
6.95,180088,0.565522416099116,-0.138117383602822,0.00034806002940226,0.138117822163084,3.13907262835087
6.95,180090,0.565351350801729,-0.138160732189566,0.000315975342470835,0.138161093508896,3.13930564492554
6.95,180092,0.565188809261069,-0.138205175219543,0.000287582651031071,0.138205474425747,3.13951181808195
6.95,180094,0.565034495047842,-0.138250729574278,0.000262811346091777,0.138250979373109,3.13969167968299
6.95,180096,0.564888128072199,-0.138297418854505,0.000241597762509741,0.138297629883152,3.13984571197121
6.95,180098,0.564749444078647,-0.138345272894658,0.000223885309612241,0.138345454052272,3.13997434665756
6.95,180100,0.564618194103777,-0.138394327307402,0.000209624584922334,0.138394486065504,3.14007796416077
6.95,180102,0.564494143902926,-0.138444623059882,0.000198773476075664,0.138444765755472,3.14015689295787
6.95,180104,0.564377073354482,-0.138496206078404,0.000191297253546737,0.138496338192571,3.14021140902499
6.95,180106,0.564266775842451,-0.138549126874995,0.0001871686591803,0.138549253299794,3.14024173533038
6.95,180108,0.564163057633315,-0.138603440206557,0.00018636799298453,0.138603565502917,3.1402480413609
6.95,180110,0.564065737235176,-0.138659204748357,0.000188883200253194,0.138659333397756,3.14023044266579
6.95,180112,0.563974644755139,-0.138716482791842,0.000194709965032847,0.138716619444499,3.14018900037398
6.95,180114,0.563889621253694,-0.13877533996234,0.000203851805569773,0.138775489684676,3.14012372071596
6.95,180116,0.563810518093169,-0.138835844949447,0.000216320184194133,0.138836013473626,3.14003455446041
6.95,180118,0.563737196288987,-0.138898069257175,0.000232134623581274,0.138898263235558,3.13992139632396
6.95,180120,0.563669525852388,-0.138962086953618,0.000251322837850972,0.138962314221064,3.13978408429337
7.05,179960,0.611935945488791,-0.14323421963598,0.0113880178979988,0.14368621585376,3.0622532817672
7.05,179962,0.611207567347783,-0.142878175523149,0.0112932288829083,0.143323794463535,3.06271567636554
7.05,179964,0.610456754166762,-0.142524849379699,0.0111877340603852,0.14296327529863,3.06325655943831
7.05,179966,0.609684113742448,-0.142174983395661,0.0110715150483819,0.142605414865716,3.06387703725216
7.05,179968,0.608890420274009,-0.141829333777445,0.0109446182100652,0.142250991516818,3.06457775987388
7.05,179970,0.608076615200979,-0.141488663800448,0.0108071573743053,0.141900798569103,3.06535888764599
7.05,179972,0.607243805533917,-0.141153736362133,0.0106593156666837,0.141555636763332,3.06622006336377
7.05,179974,0.606393259551363,-0.140825306169352,0.0105013463597353,0.141216306186852,3.06716039119237
7.05,179976,0.605526399801062,-0.14050411170974,0.0103335726690562,0.140883597808438,3.0681784232706
7.05,179978,0.604644793417801,-0.14019086717303,0.0101563864473995,0.140558284794582,3.06927215478777
7.05,179980,0.603750139851969,-0.139886254497925,0.00997024576200804,0.140241113793399,3.0704390280858
7.05,179982,0.602844256176576,-0.139590915724743,0.00977567136747148,0.139932796382967,3.07167594612584
7.05,179984,0.601929060225732,-0.139305445831846,0.00957324212649794,0.13963400088525,3.07297929533156
7.05,179986,0.601006551882791,-0.139030386220383,0.00936358945751381,0.139345344737877,3.07434497756821
7.05,179988,0.600078792898153,-0.138766219004793,0.00914739091858202,0.139067387612997,3.07576845072364
7.05,179990,0.59914788566501,-0.138513362229013,0.00892536306726477,0.138800625437597,3.0772447770427
7.05,179992,0.598215951418421,-0.138272166125572,0.00869825375525379,0.138545485467584,3.07876867814078
7.05,179994,0.597285108326464,-0.138042910468827,0.00846683402711801,0.138302322500916,3.08033459542875
7.05,179996,0.596357449954825,-0.137825803080611,0.0082318898128507,0.138071416320346,3.0819367544565
7.05,179998,0.595435024555376,-0.137620979480753,0.00799421359188257,0.137852970385823,3.08356923166552
7.05,180000,0.594519815599768,-0.137428503662932,0.0077545962115565,0.137647111780222,3.08522602193777
7.05,180002,0.593613723919213,-0.137248369918232,0.00751381902873562,0.137453892347974,3.086901105363
7.05,180004,0.592718551775178,-0.137080505662181,0.00727264651942757,0.137273290992806,3.08858851180702
7.05,180006,0.591835989076533,-0.136924775096494,0.00703181949605082,0.137105216970947,3.09028238184226
7.05,180008,0.590967601934173,-0.136780983640177,0.00679204902819247,0.136949514112229,3.09197702297202
7.05,180010,0.590114823626971,-0.136648882951498,0.00655401115237432,0.136805965783944,3.09366696013406
7.05,180012,0.589278948015702,-0.136528176427441,0.00631834241519609,0.136674300471881,3.0953469798316
7.05,180014,0.588461125346979,-0.136418525004913,0.0060856362894313,0.136554197788143,3.0970121672982
7.05,180016,0.587662360356104,-0.136319553162177,0.00585644044445719,0.136445294785181,3.09865793660599
7.05,180018,0.586883512509832,-0.136230854961335,0.00563125486714923,0.136347192398212,3.10028005355341
7.05,180020,0.586125298199494,-0.136152000025308,0.00541053078346028,0.136259461888891,3.10187465157541
7.05,180022,0.585388294664733,-0.136082539344928,0.00519467032779212,0.136181651166295,3.10343824099281
7.05,180024,0.58467294540578,-0.136022010822937,0.00498402688941146,0.136113290873263,3.10496771209614
7.05,180026,0.583979566841203,-0.135969944486489,0.00477890606572144,0.136053900153006,3.10646033260078
7.05,180028,0.583308355955146,-0.135925867310787,0.00457956713091973,0.136002992023324,3.10791374019959
7.05,180030,0.582659398705702,-0.135889307616974,0.00438622494851807,0.135960078309479,3.10932593082145
7.05,180032,0.582032678946636,-0.135859799010166,0.00419905223549433,0.135924674091053,3.11069524337219
7.05,180034,0.581428087672847,-0.135836883859013,0.00401818210431639,0.135896301656633,3.1120203416165
7.05,180036,0.580845432388254,-0.135820116308029,0.00384371080630745,0.135874493951915,3.11330019387975
7.05,180038,0.580284446431908,-0.135809064834353,0.00367570060809343,0.135858797529427,3.11453405119059
7.05,180040,0.579744798123897,-0.135803314370098,0.00351418274080471,0.135848775019282,3.11572142442331
7.05,180042,0.579226099609899,-0.135802468008984,0.003359160365934,0.135844007139421,3.11686206095812
7.05,180044,0.578727915310804,-0.135806148333066,0.00321061151331979,0.135844094282204,3.11795592128574
7.05,180046,0.578249769906581,-0.135813998387904,0.00306849195341125,0.135848657707678,3.11900315592005
7.05,180048,0.577791155798285,-0.135825682339094,0.00293273796938616,0.135857340379081,3.12000408294636
7.05,180050,0.577351540014421,-0.13584088584785,0.00280326900664868,0.135869807481472,3.12095916643404
7.05,180052,0.576930370546202,-0.135859316200216,0.00267999018321234,0.13588574666157,3.1218689958864
7.05,180054,0.576527082097747,-0.135880702219124,0.00256279464203117,0.135904868021493,3.12273426690731
7.05,180056,0.576141101262158,-0.135904793993852,0.00245156574273336,0.135926903904643,3.12355576313549
7.05,180058,0.575771851145356,-0.135931362465942,0.0023461790869123,0.135951608516248,3.12433433951338
7.05,180060,0.575418755434071,-0.135960198873692,0.00224650437606231,0.135978757383959,3.12507090691003
7.05,180062,0.575081241967635,-0.135991114111968,0.0021524071064201,0.136008146718371,3.12576641808023
7.05,180064,0.574758745818684,-0.136023938007115,0.0020637501011472,0.136039592675969,3.12642185495854
7.05,180066,0.5744507119286,-0.136058518536592,0.0019803948921438,0.136072930556746,3.12703821719936
7.05,180068,0.574156597329446,-0.136094721009405,0.00190220295567952,0.136108013954771,3.12761651192966
7.05,180070,0.573875872986356,-0.136132427221174,0.00182903681132997,0.136144713877497,3.12815774463933
7.05,180072,0.573608025296581,-0.136171534599309,0.0017607609944259,0.136182917850993,3.12866291112779
7.05,180074,0.573352557278399,-0.13621195534676,0.00169724291047139,0.136222529021028,3.1291329904364
7.05,180076,0.573108989484019,-0.136253615595954,0.00163835358419689,0.136263465262839,3.1295689386655
7.05,180078,0.572876860664694,-0.136296454578647,0.00158396830834952,0.13630565830629,3.12997168362953
7.05,180080,0.572655728217583,-0.13634042381626,0.00153396720813957,0.136349052881907,3.13034212022426
7.05,180082,0.572445168446831,-0.136385486342454,0.00148823572298569,0.136393605900111,3.13068110648615
7.05,180084,0.572244776653131,-0.13643161595123,0.00144666502200267,0.136439285657576,3.13098946021389
7.05,180086,0.572054167084111,-0.136478796480215,0.00140915235643037,0.136486071080721,3.13126795612156
7.05,180088,0.571872972761411,-0.136527021129308,0.00137560135762841,0.136533951006838,3.13151732345275
7.05,180090,0.571700845203648,-0.136576291814947,0.00134592229100228,0.136582923503397,3.13173824397298
7.05,180092,0.571537454061354,-0.136626618558497,0.00132003226833977,0.136632995224135,3.13193135031622
7.05,180094,0.571382486680864,-0.136678018913827,0.00129785542795363,0.136684180807145,3.13209722461168
7.05,180096,0.571235647607143,-0.136730517426842,0.00127932308721531,0.136736502307809,3.13223639735216
7.05,180098,0.571096658036253,-0.136784145130841,0.00126437387232044,0.136789988670458,3.13234934646473
7.05,180100,0.570965255233401,-0.136838939074367,0.00125295383197144,0.136844675235477,3.13243649653123
7.05,180102,0.570841191915508,-0.136894941880105,0.00124501653638716,0.136900603280384,3.13249821814529
7.05,180104,0.570724235615073,-0.136952201334709,0.00124052316969553,0.136957819594783,3.13253482734455
7.05,180106,0.570614168019976,-0.137010770002897,0.00123944261322156,0.137016376082489,3.13254658513409
7.05,180108,0.570510784310988,-0.137070704872952,0.00124175153388932,0.13707632939804,3.13253369699606
7.05,180110,0.570413892479032,-0.137132067020857,0.00124743446427209,0.137137740604677,3.13249631248216
7.05,180112,0.57032331264589,-0.13719492129865,0.00125648389492276,0.137200674859569,3.13243452473796
7.05,180114,0.570238876376752,-0.137259336041184,0.00126890037022851,0.137265201120372,3.13234837002235
7.05,180116,0.57016042599431,-0.137325382792877,0.00128469259063269,0.137331391874774,3.13223782720144
7.05,180118,0.570087813889628,-0.137393136045062,0.00130387753050413,0.137399322883745,3.13210281714888
7.05,180120,0.570020901835474,-0.137462672990623,0.00132648056477262,0.137469072945211,3.13194320210396
7.15,179960,0.619541090944969,-0.141589608551781,0.0125774035478523,0.142147136199967,3.05299520893607
7.15,179962,0.618781184942384,-0.141226841273665,0.0124825974694875,0.14177741687491,3.05343488410974
7.15,179964,0.617997971370093,-0.14086688868515,0.0123766356917963,0.141409552148651,3.0539571880135
7.15,179966,0.617192106962192,-0.140510524545631,0.0122595017018864,0.141044329521136,3.05456334007929
7.15,179968,0.616364422094459,-0.140158536949431,0.0121312465184966,0.140682559764519,3.05525408103013
7.15,179970,0.615515921444625,-0.139811721074134,0.0119919914987281,0.140325069783759,3.05602963685632
7.15,179972,0.614647782028857,-0.139470871414992,0.0118419302162983,0.139972694781892,3.05688968872616
7.15,179974,0.613761348478868,-0.139136773635988,0.0116813293165135,0.139626269850744,3.05783334993937
7.15,179976,0.612858125510572,-0.138810196204281,0.0115105282701087,0.139286621149801,3.05885915096312
7.15,179978,0.611939767592931,-0.138491881975669,0.0113299379802118,0.138954556844308,3.05996503337588
7.15,179980,0.611008065922965,-0.138182539914497,0.0111400382234941,0.138630857996488,3.06114835335807
7.15,179982,0.610064932890077,-0.13788283713874,0.0109413739448704,0.138316269618689,3.06240589507404
7.15,179984,0.609112384290395,-0.137593391470462,0.0107345504542109,0.138011492093223,3.06373389403094
7.15,179986,0.608152519636852,-0.137314764670618,0.010520227612159,0.137717173168632,3.06512807015904
7.15,179988,0.607187500955353,-0.137047456510999,0.0102991131216237,0.137433900720405,3.06658367005293
7.15,179990,0.606219530527919,-0.136791899821622,0.0100719550649057,0.137162196452368,3.06809551754642
7.15,179992,0.605250828057214,-0.136548456616212,0.00983953385696958,0.136902510681112,3.06965807145796
7.15,179994,0.604283607758297,-0.136317415371407,0.00960265379206676,0.136655218317454,3.07126548918333
7.15,179996,0.603320055870135,-0.136098989502377,0.00936213437811628,0.136420616124111,3.07291169457828
7.15,179998,0.602362309058901,-0.13589331703151,0.00911880164658937,0.13619892127802,3.07459044851631
7.15,180000,0.601412434151582,-0.135700461425112,0.00887347962975947,0.135990271239262,3.07629542039933
7.15,180002,0.600472409578259,-0.135520413539838,0.00862698216992721,0.135794724887858,3.07802025903126
7.15,180004,0.599544108855415,-0.135353094577187,0.00838010524147524,0.13561226484164,3.07975866109486
7.15,180006,0.598629286331164,-0.135198359946978,0.00813361988227596,0.13544280085978,3.08150443608259
7.15,180008,0.597729565392373,-0.135056003900699,0.00788826588107568,0.135286174194691,3.0832515661551
7.15,180010,0.596846429206244,-0.134925764792326,0.00764474628184654,0.135142162741714,3.08499426005549
7.15,180012,0.595981214014533,-0.134807330806938,0.00740372276263338,0.135010486815052,3.08672700026711
7.15,180014,0.595135104965632,-0.134700346065936,0.00716581191895919,0.134890815442493,3.08844458288418
7.15,180016,0.594309134301295,-0.134604416848193,0.00693158244470671,0.134782772898579,3.09014214992591
7.15,180018,0.593504181814641,-0.134519117915902,0.00670155319734717,0.134685945443944,3.09181521403371
7.15,180020,0.592720977325483,-0.13444399874766,0.00647619209667601,0.134599888050971,3.09345967575117
7.15,180022,0.591960104955233,-0.134378589588611,0.00625591580177511,0.134524131003859,3.09507183371988
7.15,180024,0.591222008953428,-0.134322407230811,0.00604109009647674,0.134458186265595,3.09664838828115
7.15,180026,0.590507000800967,-0.13427496043783,0.00583203089794012,0.134401553506555,3.09818643913216
7.15,180028,0.589815267350453,-0.134235754969981,0.00562900581327693,0.134353725734744,3.09968347765772
7.15,180030,0.589146879727413,-0.134204298159041,0.00543223614178858,0.134314194461572,3.10113737478418
7.15,180032,0.588501802770922,-0.134180103004407,0.00524189925468414,0.134282454364185,3.10254636497282
7.15,180034,0.587879904783458,-0.134162691787472,0.00505813125572258,0.134258007431439,3.10390902719836
7.15,180036,0.58728096740087,-0.134151599201918,0.00488102985173733,0.13424036658489,3.10522426357179
7.15,180038,0.586704695402162,-0.13414637500741,0.00471065736039376,0.134229058777881,3.10649127627924
7.15,180040,0.58615072631651,-0.134146586227968,0.00454704379003836,0.134223627591592,3.1077095434503
7.15,180042,0.585618639701904,-0.134151818920848,0.00439018993784183,0.134223635353325,3.10887879447619
7.15,180044,0.585107966002558,-0.134161679547528,0.00424007045569017,0.134228664809283,3.10999898526342
7.15,180046,0.584618194903984,-0.134175795977277,0.0040966368459241,0.134238320384245,3.1110702738015
7.15,180048,0.584148783133171,-0.13419381815885,0.00395982035208257,0.134252229066304,3.11209299638829
7.15,180050,0.583699161680687,-0.134215418509811,0.00382953472133207,0.134270040969479,3.11306764476072
7.15,180052,0.583268742397424,-0.134240292029786,0.00370567881860271,0.134291429584128,3.11399484433137
7.15,180054,0.5828569239953,-0.134268156207537,0.00358813907806491,0.134316091788792,3.11487533369275
7.15,180056,0.582463097431139,-0.134298750731057,0.00347679178022002,0.134343747636448,3.11570994550708
7.15,180058,0.582086650704264,-0.13433183703723,0.0033715051687907,0.134374139955946,3.11649958870431
7.15,180060,0.581726973092446,-0.134367197742216,0.00327214137359609,0.134407033812463,3.11724523226054
7.15,180062,0.581383458835958,-0.134404635954652,0.0031785581763172,0.134442215833356,3.11794789028948
7.15,180064,0.581055510331228,-0.134443974520172,0.00309061060435802,0.134479493450446,3.11860860856745
7.15,180066,0.580742540846612,-0.134485055201503,0.00300815236372531,0.134518694065898,3.11922845240888
7.15,180068,0.580443976807198,-0.13452773782011,0.00293103712195941,0.134559664170236,3.11980849580929
7.15,180070,0.580159259684073,-0.134571899371618,0.00285911964816182,0.134602268426826,3.1203498117975
7.15,180072,0.579887847524264,-0.134617433131319,0.0027922568207331,0.134646388741095,3.12085346391176
7.15,180074,0.579629216157345,-0.134664247759227,0.00273030851253118,0.134691923325536,3.12132049871864
7.15,180076,0.579382860113606,-0.134712266415741,0.00267313836500153,0.134738785773006,3.12175193928003
7.15,180078,0.579148293288433,-0.134761425896133,0.00262061445982174,0.134786904147643,3.122148779495
7.15,180080,0.578925049371739,-0.134811675782361,0.00257260989827135,0.134836220092885,3.12251197923
7.15,180082,0.57871268209202,-0.134862977634005,0.00252900330104385,0.134886687979233,3.12284246013589
7.15,180084,0.578510765281627,-0.134915304203393,0.00248967923316042,0.134938274077365,3.1231411021053
7.15,180086,0.578318892795101,-0.13496863868972,0.0024545285653273,0.134990955771986,3.12340874027938
7.15,180088,0.578136678300887,-0.135022974026076,0.00242344877982283,0.135044720810681,3.12364616253486
7.15,180090,0.577963754968155,-0.135078312208791,0.00239634422789344,0.135099566597507,3.12385410739344
7.15,180092,0.577799775062112,-0.135134663661458,0.00237312634573554,0.135155499523875,3.12403326229332
7.15,180094,0.577644409464709,-0.135192046636647,0.00235371383591252,0.135212534339929,3.12418426216669
7.15,180096,0.577497347135162,-0.135250486656306,0.00233803282007213,0.135270693567511,3.12430768827454
7.15,180098,0.57735829452082,-0.135310015986105,0.00232601696915223,0.135330006950051,3.1244040672481
7.15,180100,0.577226974928052,-0.135370673145608,0.00231760761420767,0.135390510941308,3.12447387030992
7.15,180102,0.577103127863238,-0.135432502449248,0.00231275384439439,0.135452248227965,3.12451751262268
7.15,180104,0.576986508352087,-0.135495553582574,0.00231141259625891,0.135515267290583,3.12453535273277
7.15,180106,0.576876886239768,-0.135559881204491,0.00231354873618298,0.13557962199361,3.12452769209198
7.15,180108,0.576774045477507,-0.135625544573495,0.00231913514081028,0.13564537120248,3.12449477461966
7.15,180110,0.576677783408511,-0.135692607208696,0.00232815278104241,0.135712578438645,3.12443678626435
7.15,180112,0.576587910041087,-0.135761136563958,0.00234059080570037,0.135781311550807,3.12435385459041
7.15,180114,0.576504247324733,-0.135831203728305,0.00235644663516306,0.135851642415632,3.12424604831466
7.15,180116,0.576426628422957,-0.135902883141299,0.00237572606367283,0.13592364665667,3.12411337680153
7.15,180118,0.576354896989558,-0.135976252329435,0.00239844337140943,0.135997403387579,3.12395578950956
7.15,180120,0.576288906445152,-0.136051391651488,0.00242462145246591,0.136072994967754,3.12377317534328
7.3,179960,0.630786166668865,-0.139264625648963,0.0143916010077966,0.140006264633813,3.03861821407918
7.3,179962,0.629977657612432,-0.13889174914993,0.0142967406485111,0.139625623633694,3.03901949387455
7.3,179964,0.629144552158341,-0.138521843964595,0.0141900345841635,0.139246753415838,3.03950977010363
7.3,179966,0.628287584339114,-0.138155732376924,0.0140714698116315,0.138870488770162,3.04009044558339
7.3,179968,0.627407672753065,-0.137794251437973,0.0139411051552472,0.138497690025145,3.04076241016917
7.3,179970,0.626505920923189,-0.1374382452517,0.0137990741988718,0.138129235524607,3.04152600076711
7.3,179972,0.625583614843631,-0.137088556703657,0.0136455872302157,0.137766013334019,3.0423809675999
7.3,179974,0.624642217601016,-0.136746018807012,0.0134809320963978,0.13740891233743,3.04332644798432
7.3,179976,0.623683360993646,-0.1364114458137,0.0133054738862245,0.137058812866306,3.04436094877782
7.3,179978,0.622708834190595,-0.13608562428496,0.0131196533947458,0.136716577057157,3.04548233841445
7.3,179980,0.621720569533439,-0.1357693043123,0.0129239843514469,0.136383039139632,3.04668784925835
7.3,179982,0.620720625695812,-0.135463191090959,0.0127190494297991,0.13605899587658,3.04797409072148
7.3,179984,0.619711168476033,-0.135167937038062,0.0125054950970665,0.135745197376365,3.04933707323729
7.3,179986,0.618694449599793,-0.134884134642593,0.0122840253918433,0.135442338499114,3.0507722429
7.3,179988,0.617672783958097,-0.134612310212595,0.0120553947585332,0.135151051063453,3.05227452617027
7.3,179990,0.616648525765556,-0.134352918659456,0.0118204000859951,0.134871897037549,3.05383838379699
7.3,179992,0.615624044165515,-0.134106339445244,0.01157987213398,0.134605362887377,3.05545787271743
7.3,179994,0.614601698789629,-0.133872873730853,0.0113346665336804,0.134351855165408,3.05712671450832
7.3,179996,0.613583815837243,-0.133652742826496,0.0110856545713029,0.134111697485043,3.05883836872882
7.3,179998,0.612572665143249,-0.133446087890767,0.0108337139541656,0.133885128865722,3.06058610936916
7.3,180000,0.611570438714281,-0.133252970877789,0.0105797197590459,0.133672303481076,3.06236310257337
7.3,180002,0.610579231131339,-0.133073376652727,0.0103245357497363,0.133473291756089,3.06416248378989
7.3,180004,0.609601022157983,-0.132907216189609,0.0100690062265237,0.133288082744337,3.06597743264465
7.3,180006,0.608637661803172,-0.132754330713678,0.00981394855264095,0.13311658765695,3.06780124391908
7.3,180008,0.607690858025126,-0.13261449666907,0.00956014647383121,0.132958644425219,3.0696273932519
7.3,180010,0.606762167153399,-0.132487431337425,0.00930834430980132,0.132814023115704,3.07144959646083
7.3,180012,0.605852987068461,-0.132372798978282,0.00905924208974455,0.132682432057093,3.07326186150099
7.3,180014,0.604964553036116,-0.132270217287118,0.00881349163175928,0.132563524454974,3.07505853263729
7.3,180016,0.604097936125803,-0.132179264077321,0.00857169359737403,0.132456905381144,3.07683432629785
7.3,180018,0.603254043987069,-0.132099483986193,0.00833439547087556,0.132362138911712,3.07858435870094
7.3,180020,0.602433623788668,-0.132030395106002,0.00810209043062678,0.132278755290459,3.08030416533919
7.3,180022,0.601637267057684,-0.131971495415966,0.00787521704442123,0.132206257967704,3.08198971271969
7.3,180024,0.600865416150761,-0.131922268919404,0.00765415971296672,0.132144130394638,3.08363740289126
7.3,180026,0.600118372075459,-0.131882191405236,0.00743924978082579,0.132091842470112,3.08524407138201
7.3,180028,0.599396303371291,-0.131850735764111,0.00723076721355899,0.132048856549514,3.08680697937128
7.3,180030,0.598699255805252,-0.131827376847688,0.00702894275995553,0.132014632987655,3.08832380082262
7.3,180032,0.598027162597645,-0.131811595799636,0.00683396050308629,0.131988635129713,3.08979260541331
7.3,180034,0.597379854957505,-0.13180288387684,0.00664596070747647,0.131970333757164,3.09121183811933
7.3,180036,0.596757072724049,-0.131800745758833,0.00646504288908963,0.131959210978781,3.09258029616177
7.3,180038,0.596158474918045,-0.13180470234575,0.00629126902516249,0.131954763560846,3.09389710409273
7.3,180040,0.595583650054805,-0.131814293074676,0.00612466683989541,0.131956505723197,3.09516168765869
7.3,180042,0.595032126088944,-0.131829077778992,0.00596523310355834,0.13196397142417,3.09637374705445
7.3,180044,0.594503379884492,-0.13184863812302,0.00581293689801493,0.131976716167192,3.0975332300525
7.3,180046,0.593996846142885,-0.131872578651501,0.00566772280388876,0.131994318370065,3.09864030546336
7.3,180048,0.59351192571615,-0.131900527485531,0.00552951397253746,0.132016380331131,3.09969533730389
7.3,180050,0.593047993288595,-0.131932136711454,0.00539821506232959,0.132042528842449,3.10069885991668
7.3,180052,0.592604404392766,-0.131967082493577,0.0052737150131249,0.132072415484484,3.10165155430599
7.3,180054,0.592180501766366,-0.132005064954022,0.00515588964847891,0.132105716649897,3.10255422582814
7.3,180056,0.591775621054005,-0.132045807851645,0.00504460409287651,0.132142133332436,3.10340778337557
7.3,180058,0.59138909587198,-0.132089058093689,0.00493971500651117,0.132181390719055,3.10421322006822
7.3,180060,0.591020262267333,-0.132134585110347,0.00484107263345762,0.132223237619285,3.10497159550716
7.3,180062,0.590668462596241,-0.132182180123884,0.00474852266115455,0.132267445767152,3.1056840196217
7.3,180064,0.590333048863622,-0.132231655329676,0.00466190790980242,0.132313809016994,3.10635163797555
7.3,180066,0.590013385560235,-0.132282843019832,0.00458106984566673,0.132362142466569,3.10697561858209
7.3,180068,0.589708852036384,-0.1323355946613,0.00450584993470225,0.132412281522501,3.10755714010082
7.3,180070,0.58941884445575,-0.132389779951989,0.00443609084546557,0.132464080934136,3.10809738134384
7.3,180072,0.589142777365701,-0.132445285862863,0.00437163750932429,0.132517413805916,3.10859751202235
7.3,180074,0.588880084925227,-0.132502015684174,0.00431233805208816,0.132572170608483,3.10905868461894
7.3,180076,0.58863022182708,-0.132559888081751,0.0042580446064621,0.132628258196045,3.10948202730293
7.3,180078,0.588392663943989,-0.132618836169339,0.00420861401566036,0.132685598837412,3.10986863779954
7.3,180080,0.588166908747205,-0.132678806616047,0.00416390844093019,0.13274412928097,3.11021957810841
7.3,180082,0.587952475504113,-0.132739758774981,0.00412379588103257,0.132803799840624,3.11053586999522
7.3,180084,0.587748905302869,-0.132801663852393,0.00408815061423284,0.13286457352285,3.11081849117013
7.3,180086,0.587555760921826,-0.132864504113736,0.00405685357419054,0.132926425191952,3.11106837205555
7.3,180088,0.587372626563308,-0.13292827212777,0.00402979266275264,0.132989340775039,3.1112863931111
7.3,180090,0.587199107479234,-0.1329929700522,0.00400686301567688,0.133053316510833,3.11147338258724
7.3,180092,0.587034829503251,-0.13305860896113,0.00398796722223684,0.133118358242718,3.11163011469229
7.3,180094,0.586879438503808,-0.133125208209833,0.0039730155075877,0.133184480751832,3.11175730809831
7.3,180096,0.586732599776915,-0.133192794841783,0.00396192588615152,0.133251707135379,3.11185562471858
7.3,180098,0.586593997387769,-0.133261403032487,0.00395462428980697,0.133320068224782,3.11192566872185
7.3,180100,0.586463333472756,-0.133331073572359,0.0039510446755198,0.133389602045983,3.11196798574452
7.3,180102,0.586340327511906,-0.133401853382685,0.00395112912107511,0.133460353316132,3.11198306223075
7.3,180104,0.586224715578357,-0.133473795066902,0.00395482790768833,0.133532372978768,3.11197132490699
7.3,180106,0.586116249570272,-0.133546956490789,0.00396209959915979,0.133605717771308,3.11193314031478
7.3,180108,0.58601469643722,-0.133621400397042,0.00397291111709204,0.133680449830224,3.11186881440472
7.3,180110,0.585919837391452,-0.133697194039185,0.00398723781705333,0.133756636318955,3.11177859215032
7.3,180112,0.585831467127426,-0.133774408849953,0.00400506356958058,0.133834349093761,3.11166265715523
7.3,180114,0.585749393028895,-0.133853120121425,0.00402638084984164,0.133913664384889,3.11152113121983
7.3,180116,0.58567343438611,-0.133933406715059,0.00405119083008267,0.133994662511024,3.11135407391509
7.3,180118,0.585603421610225,-0.134015350781801,0.0040795034905784,0.134077427607703,3.11116148204216
7.3,180120,0.585539195454658,-0.134099037503507,0.00411133774348184,0.134162047380799,3.11094328902296
