deltaKappa,kappa,Omega,thetaDeg,sigmaRelative,rawResidual
-0.0004,0.0834486965529006,0.916551303447099,5.22380856112624,0.00305447945359885,0.0518165609956341
-0.000395,0.0834536965529006,0.916546303447099,5.22415100476132,0.00301612029566426,0.0511807483876891
-0.00039,0.0834586965529006,0.916541303447099,5.22449345231981,0.00297776567967429,0.0505446136552077
-0.000385,0.0834636965529006,0.916536303447099,5.22483590380177,0.00293941560442529,0.0499081575294914
-0.00038,0.0834686965529006,0.916531303447099,5.22517835920729,0.00290107006871248,0.0492713807457072
-0.000375,0.0834736965529006,0.916526303447099,5.22552081853644,0.00286272907133388,0.0486342840430601
-0.00037,0.0834786965529006,0.916521303447099,5.22586328178931,0.00282439261108303,0.0479968681645411
-0.000365,0.0834836965529006,0.916516303447099,5.22620574896598,0.00278606068675602,0.0473591338572628
-0.00036,0.0834886965529006,0.916511303447099,5.22654822006653,0.00274773329715016,0.0467210818721801
-0.000355,0.0834936965529006,0.916506303447099,5.22689069509103,0.00270941044105817,0.0460827129642045
-0.00035,0.0834986965529006,0.916501303447099,5.22723317403957,0.00267109211727345,0.0454440278921516
-0.000345,0.0835036965529006,0.916496303447099,5.22757565691222,0.00263277832458922,0.0448050274188657
-0.00034,0.0835086965529006,0.916491303447099,5.22791814370907,0.00259446906180531,0.0441657123111708
-0.000335,0.0835136965529006,0.916486303447099,5.2282606344302,0.00255616432770718,0.0435260833397119
-0.00033,0.0835186965529006,0.916481303447099,5.22860312907568,0.00251786412109141,0.0428861412792001
-0.000325,0.0835236965529006,0.916476303447099,5.2289456276456,0.00247956844075181,0.042245886908326
-0.00032,0.0835286965529006,0.916471303447099,5.22928813014003,0.00244127728547723,0.0416053210096765
-0.000315,0.0835336965529006,0.916466303447099,5.22963063655906,0.00240299065406247,0.040964444369849
-0.00031,0.0835386965529006,0.916461303447099,5.22997314690276,0.00236470854529798,0.0403232577794313
-0.000305,0.0835436965529006,0.916456303447099,5.23031566117122,0.00232643095797566,0.0396817620329244
-0.0003,0.0835486965529006,0.916451303447099,5.23065817936451,0.00228815789088546,0.0390399579288439
-0.000295,0.0835536965529006,0.916446303447099,5.23100070148272,0.00224988934281784,0.0383978462696781
-0.00029,0.0835586965529006,0.916441303447099,5.23134322752592,0.00221162531256341,0.0377554278619122
-0.000285,0.0835636965529006,0.916436303447099,5.23168575749419,0.00217336579891401,0.0371127035160283
-0.00028,0.0835686965529006,0.916431303447099,5.23202829138762,0.00213511080065665,0.0364696740464333
-0.000275,0.0835736965529006,0.916426303447099,5.23237082920628,0.00209686031658263,0.0358263402716001
-0.00027,0.0835786965529006,0.916421303447099,5.23271337095026,0.00205861434547982,0.0351827030139213
-0.000265,0.0835836965529006,0.916416303447099,5.23305591661963,0.002020372886138,0.0345387630998623
-0.00026,0.0835886965529006,0.916411303447099,5.23339846621448,0.00198213593734449,0.0338945213597652
-0.000255,0.0835936965529006,0.916406303447099,5.23374101973487,0.00194390349788843,0.0332499786280864
-0.00025,0.0835986965529006,0.916401303447099,5.2340835771809,0.00190567556655719,0.0326051357432272
-0.000245,0.0836036965529006,0.916396303447099,5.23442613855265,0.0018674521421387,0.0319599935475985
-0.00024,0.0836086965529006,0.916391303447099,5.23476870385018,0.00182923322342201,0.0313145528876492
-0.000235,0.0836136965529006,0.916386303447099,5.23511127307359,0.00179101880919004,0.0306688146137042
-0.00023,0.0836186965529006,0.916381303447099,5.23545384622296,0.00175280889823237,0.0300227795802674
-0.000225,0.0836236965529006,0.916376303447099,5.23579642329836,0.00171460348933617,0.0293764486457265
-0.00022,0.0836286965529006,0.916371303447099,5.23613900429986,0.00167640258128687,0.0287298226725743
-0.000215,0.0836336965529006,0.916366303447099,5.23648158922756,0.00163820617287189,0.0280829025272258
-0.00021,0.0836386965529006,0.916361303447099,5.23682417808154,0.00160001426287338,0.0274356890800956
-0.000205,0.0836436965529006,0.916356303447099,5.23716677086186,0.00156182685008093,0.0267881832057363
-0.0002,0.0836486965529006,0.916351303447099,5.23750936756862,0.00152364393327595,0.0261403857825774
-0.000195,0.0836536965529006,0.916346303447099,5.23785196820189,0.0014854655112465,0.0254922976931419
-0.00019,0.0836586965529006,0.916341303447099,5.23819457276176,0.00144729158277639,0.0248439198239691
-0.000185,0.0836636965529006,0.916336303447099,5.23853718124829,0.00140912214664912,0.0241952530655406
-0.00018,0.0836686965529006,0.916331303447099,5.23887979366158,0.00137095720165095,0.0235462983124785
-0.000175,0.0836736965529006,0.916326303447099,5.23922241000169,0.00133279674656562,0.0228970564632891
-0.00017,0.0836786965529006,0.916321303447099,5.23956503026872,0.0012946407801758,0.0222475284206239
-0.000165,0.0836836965529006,0.916316303447099,5.23990765446274,0.00125648930126476,0.0215977150910663
-0.00016,0.0836886965529006,0.916311303447099,5.24025028258384,0.00121834230861677,0.0209476173852507
-0.000155,0.0836936965529006,0.916306303447099,5.24059291463208,0.00118019980101586,0.0202972362178379
-0.00015,0.0836986965529006,0.916301303447099,5.24093555060756,0.00114206177724271,0.0196465725074988
-0.000145,0.0837036965529006,0.916296303447099,5.24127819051034,0.00110392823608189,0.0189956271769393
-0.00014,0.0837086965529006,0.916291303447099,5.24162083434052,0.0010657991763168,0.0183444011529239
-0.000135,0.0837136965529006,0.916286303447099,5.24196348209817,0.00102767459672734,0.0176928953661298
-0.00013,0.0837186965529006,0.916281303447099,5.24230613378337,0.000989554496096195,0.0170411107513721
-0.000125,0.0837236965529006,0.916276303447099,5.24264878939621,0.000951438873206161,0.0163890482474091
-0.00012,0.0837286965529006,0.916271303447099,5.24299144893675,0.000913327726838437,0.0157367087971399
-0.000115,0.0837336965529006,0.916266303447099,5.24333411240508,0.000875221055774659,0.0150840933473166
-0.00011,0.0837386965529006,0.916261303447099,5.24367677980129,0.000837118858795195,0.0144312028488449
-0.000105,0.0837436965529006,0.916256303447099,5.24401945112544,0.00079902113468294,0.013778038256614
-0.0001,0.0837486965529006,0.916251303447099,5.24436212637763,0.000760927882218145,0.0131246005295756
-9.5e-05,0.0837536965529006,0.916246303447099,5.24470480555793,0.000722839100180253,0.0124708906305637
-9e-05,0.0837586965529006,0.916241303447099,5.24504748866641,0.000684754787351788,0.0118169095266133
-8.5e-05,0.0837636965529006,0.916236303447099,5.24539017570317,0.000646674942514236,0.0111626581887534
-8e-05,0.0837686965529006,0.916231303447099,5.24573286666828,0.00060859956444429,0.0105081375918823
-7.5e-05,0.0837736965529006,0.916226303447099,5.24607556156182,0.000570528651923383,0.00985334871506002
-7e-05,0.0837786965529006,0.916221303447099,5.24641826038387,0.000532462203731656,0.00919829254135433
-6.5e-05,0.0837836965529006,0.916216303447099,5.24676096313451,0.000494400218648857,0.00854297005779504
-6e-05,0.0837886965529006,0.916211303447099,5.24710366981383,0.000456342695455114,0.00788738225548014
-5.5e-05,0.0837936965529006,0.916206303447099,5.24744638042189,0.000418289632928659,0.00723153012949801
-5e-05,0.0837986965529006,0.916201303447099,5.24778909495878,0.0003802410298506,0.00657541467901816
-4.5e-05,0.0838036965529006,0.916196303447099,5.24813181342458,0.000342196884999242,0.005919036907152
-4e-05,0.0838086965529006,0.916191303447099,5.24847453581938,0.000304157197151233,0.00526239782098007
-3.5e-05,0.0838136965529006,0.916186303447099,5.24881726214324,0.000266121965088341,0.00460549843171099
-3e-05,0.0838186965529006,0.916181303447099,5.24915999239625,0.00022809118758939,0.00394833975456288
-2.5e-05,0.0838236965529006,0.916176303447099,5.2495027265785,0.000190064863430056,0.00329092280862796
-2e-05,0.0838286965529006,0.916171303447099,5.24984546469005,0.000152042991393188,0.00263324861721227
-1.5e-05,0.0838336965529006,0.916166303447099,5.250188206731,0.000114025570251917,0.00197531820737627
-1e-05,0.0838386965529006,0.916161303447099,5.25053095270141,7.60125987869528e-05,0.00131713261043281
-5e-06,0.0838436965529006,0.916156303447099,5.25087370260138,3.80040757781102e-05,0.000658692861584765
0,0.0838486965529006,0.916151303447099,5.25121645643098,1.26036431743035e-15,1.37656676112385e-13
5e-06,0.0838536965529006,0.916146303447099,5.25155921419028,3.7999629767182e-05,0.000658944931081367
1e-05,0.0838586965529006,0.916141303447099,5.25190197587938,7.59948147485259e-05,0.00131814088444368
1.5e-05,0.0838636965529006,0.916136303447099,5.25224474149835,0.000113985556161495,0.00197758680885646
2e-05,0.0838686965529006,0.916131303447099,5.25258751104727,0.000151971855234923,0.00263728164920277
2.5e-05,0.0838736965529006,0.916126303447099,5.25293028452621,0.00018995371318667,0.00329722434617757
3e-05,0.0838786965529006,0.916121303447099,5.25327306193527,0.000227931131241917,0.00395741383662531
3.5e-05,0.0838836965529006,0.916116303447099,5.25361584327452,0.000265904110623876,0.00461784905343727
4e-05,0.0838886965529006,0.916111303447099,5.25395862854404,0.000303872652552971,0.00527852892538306
4.5e-05,0.0838936965529006,0.916106303447099,5.25430141774391,0.000341836758255003,0.00593945237732296
5e-05,0.0838986965529006,0.916101303447099,5.25464421087421,0.000379796428949499,0.00660061833010398
5.5e-05,0.0839036965529006,0.916096303447099,5.25498700793502,0.000417751665864788,0.00726202570076997
6e-05,0.0839086965529006,0.916091303447099,5.25532980892642,0.000455702470221491,0.00792367340211277
6.5e-05,0.0839136965529006,0.916086303447099,5.25567261384849,0.000493648843241353,0.00858556034308841
7e-05,0.0839186965529006,0.916081303447099,5.25601542270131,0.000531590786151848,0.00924768542874008
7.5e-05,0.0839236965529006,0.916076303447099,5.25635823548497,0.000569528300173344,0.00991004756006651
8e-05,0.0839286965529006,0.916071303447099,5.25670105219953,0.000607461386530412,0.0105726456340698
8.5e-05,0.0839336965529006,0.916066303447099,5.25704387284508,0.00064539004644649,0.0112354785438972
9e-05,0.0839386965529006,0.916061303447099,5.25738669742171,0.000683314281146362,0.0118985451786678
9.5e-05,0.0839436965529006,0.916056303447099,5.25772952592948,0.000721234091853256,0.0125618444236016
0.0001,0.0839486965529006,0.916051303447099,5.25807235836849,0.000759149479791809,0.0132253751599054
0.000105,0.0839536965529006,0.916046303447099,5.25841519473881,0.000797060446185963,0.0138891362648994
0.00011,0.0839586965529006,0.916041303447099,5.25875803504052,0.00083496699225812,0.0145531266118896
0.000115,0.0839636965529006,0.916036303447099,5.2591008792737,0.000872869119234444,0.015217345070281
0.00012,0.0839686965529006,0.916031303447099,5.25944372743843,0.000910766828337915,0.0158817905056098
0.000125,0.0839736965529006,0.916026303447099,5.25978657953479,0.000948660120793726,0.0165464617793619
0.00013,0.0839786965529006,0.916021303447099,5.26012943556286,0.000986548997823571,0.0172113577491439
0.000135,0.0839836965529006,0.916016303447099,5.26047229552272,0.00102443346065504,0.0178764772686929
0.00014,0.0839886965529006,0.916011303447099,5.26081515941446,0.00106231351051256,0.0185418191878385
0.000145,0.0839936965529006,0.916006303447099,5.26115802723815,0.00110018914861751,0.0192073823522733
0.00015,0.0839986965529006,0.916001303447099,5.26150089899386,0.00113806037619619,0.0198731656040696
0.000155,0.0840036965529006,0.915996303447099,5.26184377468169,0.00117592719447298,0.0205391677812396
0.00016,0.0840086965529006,0.915991303447099,5.26218665430172,0.00121378960467256,0.0212053877179691
0.000165,0.0840136965529006,0.915986303447099,5.26252953785401,0.00125164760801921,0.0218718242444501
0.00017,0.0840186965529006,0.915981303447099,5.26287242533865,0.00128950120573724,0.0225384761870327
0.000175,0.0840236965529006,0.915976303447099,5.26321531675573,0.00132735039905262,0.023205342368268
0.00018,0.0840286965529006,0.915971303447099,5.26355821210532,0.0013651951891876,0.0238724216066211
0.000185,0.0840336965529006,0.915966303447099,5.2639011113875,0.00140303557736676,0.0245397127168229
0.00019,0.0840386965529006,0.915961303447099,5.26424401460235,0.00144087156481832,0.0252072145097664
0.000195,0.0840436965529006,0.915956303447099,5.26458692174996,0.0014787031527656,0.0258749257924195
0.0002,0.0840486965529006,0.915951303447099,5.26492983283039,0.00151653034242885,0.0265428453677959
0.000205,0.0840536965529006,0.915946303447099,5.26527274784374,0.00155435313503885,0.0272109720352434
0.00021,0.0840586965529006,0.915941303447099,5.26561566679008,0.00159217153181598,0.0278793045900736
0.000215,0.0840636965529006,0.915936303447099,5.2659585896695,0.00162998553398798,0.0285478418239138
0.00022,0.0840686965529006,0.915931303447099,5.26630151648207,0.00166779514277745,0.0292165825244105
0.000225,0.0840736965529006,0.915926303447099,5.26664444722787,0.00170560035940997,0.0298855254754912
0.00023,0.0840786965529006,0.915921303447099,5.26698738190698,0.00174340118510933,0.0305546694571113
0.000235,0.0840836965529006,0.915916303447099,5.26733032051949,0.00178119762110087,0.0312240132455747
0.00024,0.0840886965529006,0.915911303447099,5.26767326306546,0.00181898966860955,0.0318935556132354
0.000245,0.0840936965529006,0.915906303447099,5.268016209545,0.0018567773288597,0.0325632953287475
0.00025,0.0840986965529006,0.915901303447099,5.26835915995817,0.00189456060307673,0.033233231156889
0.000255,0.0841036965529006,0.915896303447099,5.26870211430504,0.00193233949248412,0.0339033618585829
0.00026,0.0841086965529006,0.915891303447099,5.26904507258572,0.00197011399830586,0.0345736861910535
0.000265,0.0841136965529006,0.915886303447099,5.26938803480026,0.00200788412176895,0.0352442029077676
0.00027,0.0841186965529006,0.915881303447099,5.26973100094876,0.00204564986409472,0.0359149107582282
0.000275,0.0841236965529006,0.915876303447099,5.2700739710313,0.00208341122651037,0.036585808488376
0.00028,0.0841286965529006,0.915871303447099,5.27041694504795,0.00212116821023928,0.0372568948402946
0.000285,0.0841336965529006,0.915866303447099,5.27075992299879,0.00215892081650429,0.0379281685523055
0.00029,0.0841386965529006,0.915861303447099,5.27110290488391,0.00219666904653398,0.0385996283589923
0.000295,0.0841436965529006,0.915856303447099,5.27144589070338,0.00223441290155008,0.0392712729912118
0.0003,0.0841486965529006,0.915851303447099,5.27178888045729,0.00227215238277409,0.0399431011759359
0.000305,0.0841536965529006,0.915846303447099,5.27213187414571,0.00230988749143552,0.0406151116366525
0.00031,0.0841586965529006,0.915841303447099,5.27247487176873,0.00234761822875709,0.0412873030929567
0.000315,0.0841636965529006,0.915836303447099,5.27281787332642,0.00238534459596116,0.0419596742607513
0.00032,0.0841686965529006,0.915831303447099,5.27316087881887,0.00242306659427289,0.0426322238522144
0.000325,0.0841736965529006,0.915826303447099,5.27350388824615,0.00246078422491658,0.0433049505759082
0.00033,0.0841786965529006,0.915821303447099,5.27384690160835,0.00249849748911585,0.0439778531365981
0.000335,0.0841836965529006,0.915816303447099,5.27418991890555,0.0025362063880949,0.0446509302354085
0.00034,0.0841886965529006,0.915811303447099,5.27453294013782,0.00257391092307755,0.0453241805697899
0.000345,0.0841936965529006,0.915806303447099,5.27487596530524,0.0026116110952878,0.0459976028335051
0.00035,0.0841986965529006,0.915801303447099,5.27521899440791,0.00264930690595073,0.0466711957166704
0.000355,0.0842036965529006,0.915796303447099,5.27556202744589,0.002686998356287,0.0473449579057226
0.00036,0.0842086965529006,0.915791303447099,5.27590506441926,0.00272468544752232,0.0480188880834425
0.000365,0.0842136965529006,0.915786303447099,5.27624810532812,0.00276236818088098,0.0486929849290559
0.00037,0.0842186965529006,0.915781303447099,5.27659115017253,0.00280004655758189,0.0493672471179931
0.000375,0.0842236965529006,0.915776303447099,5.27693419895257,0.0028377205788557,0.0500416733222841
0.00038,0.0842286965529006,0.915771303447099,5.27727725166834,0.00287539024592025,0.0507162622101315
0.000385,0.0842336965529006,0.915766303447099,5.2776203083199,0.00291305556000162,0.0513910124462802
0.00039,0.0842386965529006,0.915761303447099,5.27796336890734,0.00295071652232113,0.0520659226917399
0.000395,0.0842436965529006,0.915756303447099,5.27830643343074,0.00298837313410209,0.052740991604113
0.0004,0.0842486965529006,0.915751303447099,5.27864950189018,0.00302602539656918,0.0534162178372999
