H_over_a,strict_BIC,nonzero_RA_control
0,0,0
0.0666666666666667,0.00704574118044598,0.00721240784711265
0.133333333333333,0.0111970714340324,0.0115304047673658
0.2,0.0137106077331226,0.0142106077331226
0.266666666666667,0.0152480321472384,0.0159146988139051
0.333333333333333,0.016192091338606,0.0170254246719394
0.4,0.0167726753671342,0.0177726753671342
0.466666666666667,0.0171299395731166,0.0182966062397833
0.533333333333333,0.0173498346418756,0.0186831679752089
0.6,0.017485191867684,0.018985191867684
0.666666666666667,0.0175685145326432,0.0192351811993099
0.733333333333333,0.0176198067026587,0.0194531400359921
0.8,0.0176513815637034,0.0196513815637034
0.866666666666667,0.0176708187229215,0.0198374853895881
0.933333333333333,0.0176827840484785,0.0200161173818118
1,0.0176901497887103,0.0201901497887103
1.06666666666667,0.0176946840687344,0.0203613507354011
1.13333333333333,0.017697475328786,0.0205308086621194
1.2,0.0176991936022061,0.0206991936022061
1.26666666666667,0.0177002513551624,0.0208669180218291
1.33333333333333,0.0177009024979359,0.0210342358312693
1.4,0.0177013033353049,0.0212013033353049
1.46666666666667,0.0177015500870205,0.0213682167536872
1.53333333333333,0.0177017019850567,0.02153503531839
1.6,0.0177017954920596,0.0217017954920596
1.66666666666667,0.0177018530540914,0.0218685197207581
1.73333333333333,0.017701888488737,0.0220352218220704
1.8,0.0177019103019717,0.0222019103019717
1.86666666666667,0.0177019237299939,0.0223685903966605
1.93333333333333,0.0177019319961581,0.0225352653294914
2,0.017701937084731,0.0227019370847311
2.06666666666667,0.0177019402172087,0.0228686068838754
2.13333333333333,0.0177019421455325,0.0230352754788659
2.2,0.0177019433325905,0.0232019433325905
2.26666666666667,0.0177019440633323,0.0233686107299989
2.33333333333333,0.01770194451317,0.0235352778465034
2.4,0.0177019447900859,0.0237019447900859
2.46666666666667,0.0177019449605527,0.0238686116272194
2.53333333333333,0.0177019450654905,0.0240352783988238
2.6,0.0177019451300892,0.0242019451300892
2.66666666666667,0.0177019451698556,0.0243686118365222
2.73333333333333,0.0177019451943354,0.0245352785276687
2.8,0.0177019452094049,0.0247019452094049
2.86666666666667,0.0177019452186816,0.0248686118853482
2.93333333333333,0.0177019452243922,0.0250352785577255
3,0.0177019452279076,0.0252019452279076
3.06666666666667,0.0177019452300716,0.0253686118967383
3.13333333333333,0.0177019452314038,0.0255352785647371
3.2,0.0177019452322239,0.0257019452322239
3.26666666666667,0.0177019452327287,0.0258686118993954
3.33333333333333,0.0177019452330395,0.0260352785663728
3.4,0.0177019452332308,0.0262019452332308
3.46666666666667,0.0177019452333485,0.0263686119000152
3.53333333333333,0.017701945233421,0.0265352785667544
3.6,0.0177019452334657,0.0267019452334657
3.66666666666667,0.0177019452334931,0.0268686119001598
3.73333333333333,0.0177019452335101,0.0270352785668434
3.8,0.0177019452335205,0.0272019452335205
3.86666666666667,0.0177019452335269,0.0273686119001935
3.93333333333333,0.0177019452335308,0.0275352785668642
4,0.0177019452335332,0.0277019452335333
4.06666666666667,0.0177019452335347,0.0278686119002014
4.13333333333333,0.0177019452335357,0.028035278566869
4.2,0.0177019452335362,0.0282019452335362
4.26666666666667,0.0177019452335366,0.0283686119002032
4.33333333333333,0.0177019452335368,0.0285352785668701
4.4,0.0177019452335369,0.0287019452335369
4.46666666666667,0.017701945233537,0.0288686119002037
4.53333333333333,0.0177019452335371,0.0290352785668704
4.6,0.0177019452335371,0.0292019452335371
4.66666666666667,0.0177019452335371,0.0293686119002038
4.73333333333333,0.0177019452335371,0.0295352785668705
4.8,0.0177019452335371,0.0297019452335371
4.86666666666667,0.0177019452335371,0.0298686119002038
4.93333333333333,0.0177019452335371,0.0300352785668705
5,0.0177019452335371,0.0302019452335371
5.06666666666667,0.0177019452335371,0.0303686119002038
5.13333333333333,0.0177019452335371,0.0305352785668705
5.2,0.0177019452335371,0.0307019452335371
5.26666666666667,0.0177019452335371,0.0308686119002038
5.33333333333333,0.0177019452335371,0.0310352785668705
5.4,0.0177019452335371,0.0312019452335371
5.46666666666667,0.0177019452335371,0.0313686119002038
5.53333333333333,0.0177019452335371,0.0315352785668705
5.6,0.0177019452335371,0.0317019452335371
5.66666666666667,0.0177019452335371,0.0318686119002038
5.73333333333333,0.0177019452335371,0.0320352785668705
5.8,0.0177019452335371,0.0322019452335371
5.86666666666667,0.0177019452335371,0.0323686119002038
5.93333333333333,0.0177019452335371,0.0325352785668705
6,0.0177019452335371,0.0327019452335371
6.06666666666667,0.0177019452335371,0.0328686119002038
6.13333333333333,0.0177019452335371,0.0330352785668705
6.2,0.0177019452335371,0.0332019452335371
6.26666666666667,0.0177019452335371,0.0333686119002038
6.33333333333333,0.0177019452335371,0.0335352785668705
6.4,0.0177019452335371,0.0337019452335371
6.46666666666667,0.0177019452335371,0.0338686119002038
6.53333333333333,0.0177019452335371,0.0340352785668705
6.6,0.0177019452335371,0.0342019452335371
6.66666666666667,0.0177019452335371,0.0343686119002038
6.73333333333333,0.0177019452335371,0.0345352785668705
6.8,0.0177019452335371,0.0347019452335371
6.86666666666667,0.0177019452335371,0.0348686119002038
6.93333333333333,0.0177019452335371,0.0350352785668705
7,0.0177019452335371,0.0352019452335371
7.06666666666667,0.0177019452335371,0.0353686119002038
7.13333333333333,0.0177019452335371,0.0355352785668705
7.2,0.0177019452335371,0.0357019452335371
7.26666666666667,0.0177019452335371,0.0358686119002038
7.33333333333333,0.0177019452335371,0.0360352785668705
7.4,0.0177019452335371,0.0362019452335371
7.46666666666667,0.0177019452335371,0.0363686119002038
7.53333333333333,0.0177019452335371,0.0365352785668705
7.6,0.0177019452335371,0.0367019452335371
7.66666666666667,0.0177019452335371,0.0368686119002038
7.73333333333333,0.0177019452335371,0.0370352785668705
7.8,0.0177019452335371,0.0372019452335371
7.86666666666667,0.0177019452335371,0.0373686119002038
7.93333333333333,0.0177019452335371,0.0375352785668705
8,0.0177019452335371,0.0377019452335371
8.06666666666667,0.0177019452335371,0.0378686119002038
8.13333333333333,0.0177019452335371,0.0380352785668705
8.2,0.0177019452335371,0.0382019452335371
8.26666666666667,0.0177019452335371,0.0383686119002038
8.33333333333333,0.0177019452335371,0.0385352785668705
8.4,0.0177019452335371,0.0387019452335371
8.46666666666667,0.0177019452335371,0.0388686119002038
8.53333333333333,0.0177019452335371,0.0390352785668705
8.6,0.0177019452335371,0.0392019452335371
8.66666666666667,0.0177019452335371,0.0393686119002038
8.73333333333333,0.0177019452335371,0.0395352785668705
8.8,0.0177019452335371,0.0397019452335371
8.86666666666667,0.0177019452335371,0.0398686119002038
8.93333333333333,0.0177019452335371,0.0400352785668705
9,0.0177019452335371,0.0402019452335371
9.06666666666667,0.0177019452335371,0.0403686119002038
9.13333333333333,0.0177019452335371,0.0405352785668705
9.2,0.0177019452335371,0.0407019452335371
9.26666666666667,0.0177019452335371,0.0408686119002038
9.33333333333333,0.0177019452335371,0.0410352785668705
9.4,0.0177019452335371,0.0412019452335371
9.46666666666667,0.0177019452335371,0.0413686119002038
9.53333333333333,0.0177019452335371,0.0415352785668705
9.6,0.0177019452335371,0.0417019452335371
9.66666666666667,0.0177019452335371,0.0418686119002038
9.73333333333333,0.0177019452335371,0.0420352785668705
9.8,0.0177019452335371,0.0422019452335371
9.86666666666667,0.0177019452335371,0.0423686119002038
9.93333333333333,0.0177019452335371,0.0425352785668705
10,0.0177019452335371,0.0427019452335371
10.0666666666667,0.0177019452335371,0.0428686119002038
10.1333333333333,0.0177019452335371,0.0430352785668705
10.2,0.0177019452335371,0.0432019452335371
10.2666666666667,0.0177019452335371,0.0433686119002038
10.3333333333333,0.0177019452335371,0.0435352785668705
10.4,0.0177019452335371,0.0437019452335371
10.4666666666667,0.0177019452335371,0.0438686119002038
10.5333333333333,0.0177019452335371,0.0440352785668705
10.6,0.0177019452335371,0.0442019452335371
10.6666666666667,0.0177019452335371,0.0443686119002038
10.7333333333333,0.0177019452335371,0.0445352785668705
10.8,0.0177019452335371,0.0447019452335371
10.8666666666667,0.0177019452335371,0.0448686119002038
10.9333333333333,0.0177019452335371,0.0450352785668705
11,0.0177019452335371,0.0452019452335371
11.0666666666667,0.0177019452335371,0.0453686119002038
11.1333333333333,0.0177019452335371,0.0455352785668705
11.2,0.0177019452335371,0.0457019452335371
11.2666666666667,0.0177019452335371,0.0458686119002038
11.3333333333333,0.0177019452335371,0.0460352785668705
11.4,0.0177019452335371,0.0462019452335371
11.4666666666667,0.0177019452335371,0.0463686119002038
11.5333333333333,0.0177019452335371,0.0465352785668705
11.6,0.0177019452335371,0.0467019452335371
11.6666666666667,0.0177019452335371,0.0468686119002038
11.7333333333333,0.0177019452335371,0.0470352785668705
11.8,0.0177019452335371,0.0472019452335371
11.8666666666667,0.0177019452335371,0.0473686119002038
11.9333333333333,0.0177019452335371,0.0475352785668705
12,0.0177019452335371,0.0477019452335371
12.0666666666667,0.0177019452335371,0.0478686119002038
12.1333333333333,0.0177019452335371,0.0480352785668705
12.2,0.0177019452335371,0.0482019452335371
12.2666666666667,0.0177019452335371,0.0483686119002038
12.3333333333333,0.0177019452335371,0.0485352785668705
12.4,0.0177019452335371,0.0487019452335371
12.4666666666667,0.0177019452335371,0.0488686119002038
12.5333333333333,0.0177019452335371,0.0490352785668705
12.6,0.0177019452335371,0.0492019452335371
12.6666666666667,0.0177019452335371,0.0493686119002038
12.7333333333333,0.0177019452335371,0.0495352785668705
12.8,0.0177019452335371,0.0497019452335371
12.8666666666667,0.0177019452335371,0.0498686119002038
12.9333333333333,0.0177019452335371,0.0500352785668705
13,0.0177019452335371,0.0502019452335371
13.0666666666667,0.0177019452335371,0.0503686119002038
13.1333333333333,0.0177019452335371,0.0505352785668705
13.2,0.0177019452335371,0.0507019452335371
13.2666666666667,0.0177019452335371,0.0508686119002038
13.3333333333333,0.0177019452335371,0.0510352785668705
13.4,0.0177019452335371,0.0512019452335371
13.4666666666667,0.0177019452335371,0.0513686119002038
13.5333333333333,0.0177019452335371,0.0515352785668705
13.6,0.0177019452335371,0.0517019452335371
13.6666666666667,0.0177019452335371,0.0518686119002038
13.7333333333333,0.0177019452335371,0.0520352785668705
13.8,0.0177019452335371,0.0522019452335371
13.8666666666667,0.0177019452335371,0.0523686119002038
13.9333333333333,0.0177019452335371,0.0525352785668705
14,0.0177019452335371,0.0527019452335371
14.0666666666667,0.0177019452335371,0.0528686119002038
14.1333333333333,0.0177019452335371,0.0530352785668705
14.2,0.0177019452335371,0.0532019452335371
14.2666666666667,0.0177019452335371,0.0533686119002038
14.3333333333333,0.0177019452335371,0.0535352785668705
14.4,0.0177019452335371,0.0537019452335371
14.4666666666667,0.0177019452335371,0.0538686119002038
14.5333333333333,0.0177019452335371,0.0540352785668705
14.6,0.0177019452335371,0.0542019452335371
14.6666666666667,0.0177019452335371,0.0543686119002038
14.7333333333333,0.0177019452335371,0.0545352785668705
14.8,0.0177019452335371,0.0547019452335371
14.8666666666667,0.0177019452335371,0.0548686119002038
14.9333333333333,0.0177019452335371,0.0550352785668705
15,0.0177019452335371,0.0552019452335371
15.0666666666667,0.0177019452335371,0.0553686119002038
15.1333333333333,0.0177019452335371,0.0555352785668705
15.2,0.0177019452335371,0.0557019452335371
15.2666666666667,0.0177019452335371,0.0558686119002038
15.3333333333333,0.0177019452335371,0.0560352785668705
15.4,0.0177019452335371,0.0562019452335371
15.4666666666667,0.0177019452335371,0.0563686119002038
15.5333333333333,0.0177019452335371,0.0565352785668705
15.6,0.0177019452335371,0.0567019452335371
15.6666666666667,0.0177019452335371,0.0568686119002038
15.7333333333333,0.0177019452335371,0.0570352785668705
15.8,0.0177019452335371,0.0572019452335371
15.8666666666667,0.0177019452335371,0.0573686119002038
15.9333333333333,0.0177019452335371,0.0575352785668705
16,0.0177019452335371,0.0577019452335371
16.0666666666667,0.0177019452335371,0.0578686119002038
16.1333333333333,0.0177019452335371,0.0580352785668705
16.2,0.0177019452335371,0.0582019452335371
16.2666666666667,0.0177019452335371,0.0583686119002038
16.3333333333333,0.0177019452335371,0.0585352785668705
16.4,0.0177019452335371,0.0587019452335371
16.4666666666667,0.0177019452335371,0.0588686119002038
16.5333333333333,0.0177019452335371,0.0590352785668705
16.6,0.0177019452335371,0.0592019452335371
16.6666666666667,0.0177019452335371,0.0593686119002038
16.7333333333333,0.0177019452335371,0.0595352785668705
16.8,0.0177019452335371,0.0597019452335371
16.8666666666667,0.0177019452335371,0.0598686119002038
16.9333333333333,0.0177019452335371,0.0600352785668705
17,0.0177019452335371,0.0602019452335371
17.0666666666667,0.0177019452335371,0.0603686119002038
17.1333333333333,0.0177019452335371,0.0605352785668705
17.2,0.0177019452335371,0.0607019452335371
17.2666666666667,0.0177019452335371,0.0608686119002038
17.3333333333333,0.0177019452335371,0.0610352785668705
17.4,0.0177019452335371,0.0612019452335371
17.4666666666667,0.0177019452335371,0.0613686119002038
17.5333333333333,0.0177019452335371,0.0615352785668705
17.6,0.0177019452335371,0.0617019452335371
17.6666666666667,0.0177019452335371,0.0618686119002038
17.7333333333333,0.0177019452335371,0.0620352785668705
17.8,0.0177019452335371,0.0622019452335371
17.8666666666667,0.0177019452335371,0.0623686119002038
17.9333333333333,0.0177019452335371,0.0625352785668705
18,0.0177019452335371,0.0627019452335371
18.0666666666667,0.0177019452335371,0.0628686119002038
18.1333333333333,0.0177019452335371,0.0630352785668705
18.2,0.0177019452335371,0.0632019452335371
18.2666666666667,0.0177019452335371,0.0633686119002038
18.3333333333333,0.0177019452335371,0.0635352785668705
18.4,0.0177019452335371,0.0637019452335371
18.4666666666667,0.0177019452335371,0.0638686119002038
18.5333333333333,0.0177019452335371,0.0640352785668705
18.6,0.0177019452335371,0.0642019452335371
18.6666666666667,0.0177019452335371,0.0643686119002038
18.7333333333333,0.0177019452335371,0.0645352785668705
18.8,0.0177019452335371,0.0647019452335371
18.8666666666667,0.0177019452335371,0.0648686119002038
18.9333333333333,0.0177019452335371,0.0650352785668705
19,0.0177019452335371,0.0652019452335371
19.0666666666667,0.0177019452335371,0.0653686119002038
19.1333333333333,0.0177019452335371,0.0655352785668705
19.2,0.0177019452335371,0.0657019452335371
19.2666666666667,0.0177019452335371,0.0658686119002038
19.3333333333333,0.0177019452335371,0.0660352785668705
19.4,0.0177019452335371,0.0662019452335371
19.4666666666667,0.0177019452335371,0.0663686119002038
19.5333333333333,0.0177019452335371,0.0665352785668705
19.6,0.0177019452335371,0.0667019452335371
19.6666666666667,0.0177019452335371,0.0668686119002038
19.7333333333333,0.0177019452335371,0.0670352785668705
19.8,0.0177019452335371,0.0672019452335371
19.8666666666667,0.0177019452335371,0.0673686119002038
19.9333333333333,0.0177019452335371,0.0675352785668705
20,0.0177019452335371,0.0677019452335371
